Device,Multiprocessors,Type,Keys,Trials,Total Msecs,Avg. Msecs,Min Msecs,Max Msecs, Avg. Mkeys/s, Max. Mkeys/s
NVIDIA A40, 84, uint32_t, 2048, 100, 2.928, 0.029, 0.028, 0.037, 69.953, 74.074
NVIDIA A40, 84, uint32_t, 67584, 100, 7.069, 0.071, 0.069, 0.079, 956.011, 985.075
NVIDIA A40, 84, uint32_t, 133120, 100, 7.271, 0.073, 0.072, 0.079, 1830.882, 1857.143
NVIDIA A40, 84, uint32_t, 198656, 100, 7.481, 0.075, 0.074, 0.082, 2655.489, 2694.444
NVIDIA A40, 84, uint32_t, 264192, 100, 43.378, 0.434, 0.347, 0.667, 609.049, 761.062
NVIDIA A40, 84, uint32_t, 329728, 100, 44.727, 0.447, 0.368, 0.765, 737.198, 896.936
NVIDIA A40, 84, uint32_t, 395264, 100, 43.804, 0.438, 0.372, 0.662, 902.357, 1063.361
NVIDIA A40, 84, uint32_t, 460800, 100, 38.412, 0.384, 0.354, 0.518, 1199.628, 1300.578
NVIDIA A40, 84, uint32_t, 526336, 100, 41.191, 0.412, 0.358, 0.544, 1277.806, 1468.571
NVIDIA A40, 84, uint32_t, 591872, 100, 46.092, 0.461, 0.379, 0.598, 1284.099, 1562.162
NVIDIA A40, 84, uint32_t, 657408, 100, 44.923, 0.449, 0.384, 0.599, 1463.417, 1712.000
NVIDIA A40, 84, uint32_t, 722944, 100, 48.931, 0.489, 0.390, 0.826, 1477.481, 1853.018
NVIDIA A40, 84, uint32_t, 788480, 100, 56.958, 0.570, 0.400, 0.815, 1384.317, 1969.309
NVIDIA A40, 84, uint32_t, 854016, 100, 50.024, 0.500, 0.402, 0.720, 1707.226, 2122.137
NVIDIA A40, 84, uint32_t, 919552, 100, 55.039, 0.550, 0.408, 0.901, 1670.728, 2256.281
NVIDIA A40, 84, uint32_t, 985088, 100, 60.452, 0.605, 0.408, 1.610, 1629.543, 2417.085
NVIDIA A40, 84, uint32_t, 1050624, 100, 54.414, 0.544, 0.410, 1.203, 1930.784, 2565.000
NVIDIA A40, 84, uint32_t, 1116160, 100, 66.302, 0.663, 0.416, 1.079, 1683.450, 2684.729
NVIDIA A40, 84, uint32_t, 1181696, 100, 65.869, 0.659, 0.418, 1.062, 1794.015, 2828.431
NVIDIA A40, 84, uint32_t, 1247232, 100, 61.156, 0.612, 0.399, 6.545, 2039.444, 3122.827
NVIDIA A40, 84, uint32_t, 1312768, 100, 54.185, 0.542, 0.400, 4.236, 2422.744, 3278.772
NVIDIA A40, 84, uint32_t, 1378304, 100, 45.603, 0.456, 0.404, 0.725, 3022.410, 3407.595
NVIDIA A40, 84, uint32_t, 1443840, 100, 52.355, 0.524, 0.437, 0.824, 2757.774, 3302.108
NVIDIA A40, 84, uint32_t, 1509376, 100, 56.269, 0.563, 0.444, 0.840, 2682.434, 3396.313
NVIDIA A40, 84, uint32_t, 1574912, 100, 57.337, 0.573, 0.486, 0.921, 2746.770, 3237.895
NVIDIA A40, 84, uint32_t, 1640448, 100, 56.994, 0.570, 0.492, 0.881, 2878.290, 3337.500
NVIDIA A40, 84, uint32_t, 1705984, 100, 57.920, 0.579, 0.490, 0.904, 2945.393, 3478.079
NVIDIA A40, 84, uint32_t, 1771520, 100, 59.047, 0.590, 0.509, 0.927, 3000.191, 3480.885
NVIDIA A40, 84, uint32_t, 1837056, 100, 56.371, 0.564, 0.507, 0.886, 3258.841, 3624.243
NVIDIA A40, 84, uint32_t, 1902592, 100, 61.691, 0.617, 0.523, 0.844, 3084.068, 3636.008
NVIDIA A40, 84, uint32_t, 1968128, 100, 63.946, 0.639, 0.525, 0.933, 3077.805, 3746.589
NVIDIA A40, 84, uint32_t, 2033664, 100, 65.558, 0.656, 0.587, 0.959, 3102.100, 3465.969
NVIDIA A40, 84, uint32_t, 2099200, 100, 64.480, 0.645, 0.592, 0.899, 3255.562, 3546.713
NVIDIA A40, 84, uint32_t, 2164736, 100, 64.660, 0.647, 0.589, 1.016, 3347.897, 3676.522
NVIDIA A40, 84, uint32_t, 2230272, 100, 65.898, 0.659, 0.601, 0.962, 3384.455, 3710.392
NVIDIA A40, 84, uint32_t, 2295808, 100, 68.687, 0.687, 0.606, 1.020, 3342.418, 3787.162
NVIDIA A40, 84, uint32_t, 2361344, 100, 68.403, 0.684, 0.612, 1.018, 3452.095, 3856.187
NVIDIA A40, 84, uint32_t, 2426880, 100, 66.651, 0.667, 0.613, 0.857, 3641.161, 3956.594
NVIDIA A40, 84, uint32_t, 2492416, 100, 67.987, 0.680, 0.617, 0.887, 3665.993, 4036.484
NVIDIA A40, 84, uint32_t, 2557952, 100, 73.501, 0.735, 0.666, 0.937, 3480.178, 3843.077
NVIDIA A40, 84, uint32_t, 2623488, 100, 73.182, 0.732, 0.678, 1.022, 3584.862, 3869.908
NVIDIA A40, 84, uint32_t, 2689024, 100, 89.208, 0.892, 0.678, 5.174, 3014.338, 3966.768
NVIDIA A40, 84, uint32_t, 2754560, 100, 74.074, 0.741, 0.688, 1.042, 3718.648, 4002.976
NVIDIA A40, 84, uint32_t, 2820096, 100, 75.207, 0.752, 0.685, 0.989, 3749.795, 4116.592
NVIDIA A40, 84, uint32_t, 2885632, 100, 69.681, 0.697, 0.685, 0.799, 4141.187, 4212.257
NVIDIA A40, 84, uint32_t, 2951168, 100, 71.165, 0.712, 0.688, 0.967, 4146.912, 4288.092
NVIDIA A40, 84, uint32_t, 3016704, 100, 70.028, 0.700, 0.690, 0.748, 4307.875, 4370.920
NVIDIA A40, 84, uint32_t, 3082240, 100, 77.466, 0.775, 0.754, 0.865, 3978.850, 4089.674
NVIDIA A40, 84, uint32_t, 3147776, 100, 78.966, 0.790, 0.765, 0.931, 3986.233, 4115.471
NVIDIA A40, 84, uint32_t, 3213312, 100, 86.608, 0.866, 0.768, 1.819, 3710.175, 4184.000
NVIDIA A40, 84, uint32_t, 3278848, 100, 113.076, 1.131, 0.766, 6.839, 2899.678, 4280.749
NVIDIA A40, 84, uint32_t, 3344384, 100, 110.969, 1.110, 0.867, 1.438, 3013.807, 3856.247
NVIDIA A40, 84, uint32_t, 3409920, 100, 112.427, 1.124, 0.863, 1.686, 3033.006, 3950.178
NVIDIA A40, 84, uint32_t, 3475456, 100, 114.344, 1.143, 0.845, 1.645, 3039.464, 4113.939
NVIDIA A40, 84, uint32_t, 3540992, 100, 91.564, 0.916, 0.831, 1.242, 3867.217, 4258.621
NVIDIA A40, 84, uint32_t, 3606528, 100, 98.059, 0.981, 0.845, 1.144, 3677.898, 4269.091
NVIDIA A40, 84, uint32_t, 3672064, 100, 86.412, 0.864, 0.842, 0.990, 4249.464, 4362.531
NVIDIA A40, 84, uint32_t, 3737600, 100, 90.165, 0.902, 0.679, 1.186, 4145.273, 5505.279
NVIDIA A40, 84, uint32_t, 3803136, 100, 93.131, 0.931, 0.851, 1.230, 4083.651, 4469.314
NVIDIA A40, 84, uint32_t, 3868672, 100, 91.240, 0.912, 0.855, 1.197, 4240.128, 4524.551
NVIDIA A40, 84, uint32_t, 3934208, 100, 89.900, 0.899, 0.866, 1.025, 4376.199, 4541.371
NVIDIA A40, 84, uint32_t, 3999744, 100, 105.085, 1.051, 0.876, 12.330, 3806.196, 4568.421
NVIDIA A40, 84, uint32_t, 4065280, 100, 98.478, 0.985, 0.930, 1.262, 4128.106, 4372.247
NVIDIA A40, 84, uint32_t, 4130816, 100, 199.283, 1.993, 0.928, 27.884, 2072.841, 4452.539
NVIDIA A40, 84, uint32_t, 4196352, 100, 99.763, 0.998, 0.942, 1.197, 4206.306, 4454.348
NVIDIA A40, 84, uint32_t, 4261888, 100, 98.821, 0.988, 0.951, 1.314, 4312.731, 4480.086
NVIDIA A40, 84, uint32_t, 4327424, 100, 101.561, 1.016, 0.955, 1.214, 4260.894, 4529.475
NVIDIA A40, 84, uint32_t, 4392960, 100, 102.248, 1.022, 0.958, 1.317, 4296.393, 4583.333
NVIDIA A40, 84, uint32_t, 4458496, 100, 101.617, 1.016, 0.965, 1.235, 4387.554, 4622.081
NVIDIA A40, 84, uint32_t, 4524032, 100, 103.904, 1.039, 0.971, 1.317, 4354.037, 4660.338
NVIDIA A40, 84, uint32_t, 4589568, 100, 109.212, 1.092, 1.026, 1.394, 4202.446, 4473.054
NVIDIA A40, 84, uint32_t, 4655104, 100, 109.075, 1.091, 1.032, 1.330, 4267.787, 4509.921
NVIDIA A40, 84, uint32_t, 4720640, 100, 108.043, 1.080, 1.026, 1.237, 4369.214, 4600.799
NVIDIA A40, 84, uint32_t, 4786176, 100, 106.529, 1.065, 1.034, 1.197, 4492.848, 4627.723
NVIDIA A40, 84, uint32_t, 4851712, 100, 108.655, 1.087, 1.047, 1.247, 4465.259, 4636.008
NVIDIA A40, 84, uint32_t, 4917248, 100, 109.852, 1.099, 1.054, 1.242, 4476.266, 4666.667
NVIDIA A40, 84, uint32_t, 4982784, 100, 112.823, 1.128, 1.055, 1.407, 4416.478, 4724.272
NVIDIA A40, 84, uint32_t, 5048320, 100, 123.933, 1.239, 1.062, 2.220, 4073.430, 4754.098
NVIDIA A40, 84, uint32_t, 5113856, 100, 154.135, 1.541, 1.241, 2.169, 3317.784, 4120.462
NVIDIA A40, 84, uint32_t, 5179392, 100, 128.900, 1.289, 1.174, 2.135, 4018.137, 4413.131
NVIDIA A40, 84, uint32_t, 5244928, 100, 130.395, 1.304, 1.140, 1.500, 4022.330, 4601.977
NVIDIA A40, 84, uint32_t, 5310464, 100, 122.042, 1.220, 1.130, 1.603, 4351.331, 4697.464
NVIDIA A40, 84, uint32_t, 5376000, 100, 113.418, 1.134, 1.119, 1.313, 4739.971, 4802.882
NVIDIA A40, 84, uint32_t, 5441536, 100, 118.915, 1.189, 1.136, 1.566, 4575.981, 4791.704
NVIDIA A40, 84, uint32_t, 5507072, 100, 119.007, 1.190, 1.141, 1.485, 4627.507, 4827.648
NVIDIA A40, 84, uint32_t, 5572608, 100, 119.016, 1.190, 1.147, 1.362, 4682.218, 4858.928
NVIDIA A40, 84, uint32_t, 5638144, 100, 124.286, 1.243, 1.191, 1.404, 4536.423, 4734.308
NVIDIA A40, 84, uint32_t, 5703680, 100, 138.053, 1.381, 1.201, 12.100, 4131.523, 4748.508
NVIDIA A40, 84, uint32_t, 5769216, 100, 125.242, 1.252, 1.202, 1.443, 4606.442, 4798.978
NVIDIA A40, 84, uint32_t, 5834752, 100, 124.989, 1.250, 1.211, 1.425, 4668.225, 4816.568
NVIDIA A40, 84, uint32_t, 5900288, 100, 128.067, 1.281, 1.219, 1.503, 4607.205, 4842.017
NVIDIA A40, 84, uint32_t, 5965824, 100, 127.344, 1.273, 1.225, 1.519, 4684.822, 4871.110
NVIDIA A40, 84, uint32_t, 6031360, 100, 134.704, 1.347, 1.228, 1.670, 4477.481, 4912.427
NVIDIA A40, 84, uint32_t, 6096896, 100, 137.562, 1.376, 1.294, 1.688, 4432.097, 4710.443
NVIDIA A40, 84, uint32_t, 6162432, 100, 131.488, 1.315, 1.283, 1.458, 4686.671, 4802.873
NVIDIA A40, 84, uint32_t, 6227968, 100, 134.477, 1.345, 1.296, 1.512, 4631.255, 4804.108
NVIDIA A40, 84, uint32_t, 6293504, 100, 144.764, 1.448, 1.399, 1.681, 4347.428, 4499.268
NVIDIA A40, 84, uint32_t, 6359040, 100, 134.208, 1.342, 1.295, 1.522, 4738.206, 4909.091
NVIDIA A40, 84, uint32_t, 6424576, 100, 136.922, 1.369, 1.311, 1.693, 4692.141, 4901.563
NVIDIA A40, 84, uint32_t, 6490112, 100, 137.194, 1.372, 1.312, 1.596, 4730.617, 4947.576
NVIDIA A40, 84, uint32_t, 6555648, 100, 138.918, 1.389, 1.316, 1.574, 4719.079, 4982.101
NVIDIA A40, 84, uint32_t, 6621184, 100, 140.879, 1.409, 1.376, 1.552, 4699.909, 4811.012
NVIDIA A40, 84, uint32_t, 6686720, 100, 140.031, 1.400, 1.378, 1.514, 4775.171, 4851.412
NVIDIA A40, 84, uint32_t, 6752256, 100, 140.759, 1.408, 1.377, 1.542, 4797.027, 4902.602
NVIDIA A40, 84, uint32_t, 6817792, 100, 147.556, 1.476, 1.394, 2.412, 4620.465, 4891.991
NVIDIA A40, 84, uint32_t, 6883328, 100, 157.067, 1.571, 1.473, 1.877, 4382.403, 4674.548
NVIDIA A40, 84, uint32_t, 6948864, 100, 157.806, 1.578, 1.475, 1.811, 4403.434, 4712.500
NVIDIA A40, 84, uint32_t, 7014400, 100, 148.911, 1.489, 1.402, 1.645, 4710.456, 5003.652
NVIDIA A40, 84, uint32_t, 7079936, 100, 144.039, 1.440, 1.404, 2.623, 4915.290, 5043.034
NVIDIA A40, 84, uint32_t, 7145472, 100, 149.800, 1.498, 1.457, 1.619, 4770.009, 4903.724
NVIDIA A40, 84, uint32_t, 7211008, 100, 156.418, 1.564, 1.462, 7.410, 4610.090, 4931.481
NVIDIA A40, 84, uint32_t, 7276544, 100, 154.375, 1.544, 1.477, 1.788, 4713.546, 4927.878
NVIDIA A40, 84, uint32_t, 7342080, 100, 158.557, 1.586, 1.456, 1.927, 4630.553, 5042.194
NVIDIA A40, 84, uint32_t, 7407616, 100, 152.975, 1.530, 1.474, 1.683, 4842.364, 5027.102
NVIDIA A40, 84, uint32_t, 7473152, 100, 154.454, 1.545, 1.494, 1.901, 4838.421, 5001.949
NVIDIA A40, 84, uint32_t, 7538688, 100, 164.086, 1.641, 1.488, 5.213, 4594.362, 5067.303
NVIDIA A40, 84, uint32_t, 7604224, 100, 157.459, 1.575, 1.500, 1.877, 4829.348, 5068.942
NVIDIA A40, 84, uint32_t, 7669760, 100, 161.484, 1.615, 1.555, 1.855, 4749.553, 4930.875
NVIDIA A40, 84, uint32_t, 7735296, 100, 161.617, 1.616, 1.563, 1.970, 4786.189, 4950.197
NVIDIA A40, 84, uint32_t, 7800832, 100, 168.904, 1.689, 1.550, 5.965, 4618.495, 5031.704
NVIDIA A40, 84, uint32_t, 7866368, 100, 161.211, 1.612, 1.558, 1.925, 4879.549, 5050.624
NVIDIA A40, 84, uint32_t, 7931904, 100, 171.460, 1.715, 1.577, 5.273, 4626.105, 5029.870
NVIDIA A40, 84, uint32_t, 7997440, 100, 177.273, 1.773, 1.589, 2.439, 4511.375, 5032.217
NVIDIA A40, 84, uint32_t, 8062976, 100, 190.971, 1.910, 1.697, 2.331, 4222.092, 4751.961
NVIDIA A40, 84, uint32_t, 8128512, 100, 180.916, 1.809, 1.622, 4.044, 4492.982, 5011.364
NVIDIA A40, 84, uint32_t, 8194048, 100, 175.743, 1.757, 1.639, 8.104, 4662.517, 4998.126
NVIDIA A40, 84, uint32_t, 8259584, 100, 169.989, 1.700, 1.647, 1.934, 4858.889, 5016.169
NVIDIA A40, 84, uint32_t, 8325120, 100, 173.541, 1.735, 1.640, 4.208, 4797.198, 5074.906
NVIDIA A40, 84, uint32_t, 8390656, 100, 172.523, 1.725, 1.662, 1.925, 4863.510, 5048.675
NVIDIA A40, 84, uint32_t, 8456192, 100, 172.517, 1.725, 1.661, 1.931, 4901.644, 5091.245
NVIDIA A40, 84, uint32_t, 8521728, 100, 172.044, 1.720, 1.673, 1.981, 4953.214, 5093.023
NVIDIA A40, 84, uint32_t, 8587264, 100, 173.574, 1.736, 1.676, 2.029, 4947.311, 5122.786
NVIDIA A40, 84, uint32_t, 8652800, 100, 185.683, 1.857, 1.737, 7.972, 4659.980, 4982.311
NVIDIA A40, 84, uint32_t, 8718336, 100, 180.313, 1.803, 1.735, 2.145, 4835.113, 5025.974
NVIDIA A40, 84, uint32_t, 8783872, 100, 178.720, 1.787, 1.743, 1.925, 4914.885, 5039.953
NVIDIA A40, 84, uint32_t, 8849408, 100, 177.970, 1.780, 1.746, 1.914, 4972.416, 5068.622
NVIDIA A40, 84, uint32_t, 8914944, 100, 179.475, 1.795, 1.747, 1.933, 4967.246, 5103.165
NVIDIA A40, 84, uint32_t, 8980480, 100, 179.615, 1.796, 1.752, 2.075, 4999.858, 5125.658
NVIDIA A40, 84, uint32_t, 9046016, 100, 203.202, 2.032, 1.747, 16.881, 4451.740, 5178.195
NVIDIA A40, 84, uint32_t, 9111552, 100, 177.335, 1.773, 1.750, 1.940, 5138.036, 5206.554
NVIDIA A40, 84, uint32_t, 9177088, 100, 198.187, 1.982, 1.887, 2.429, 4630.517, 4862.724
NVIDIA A40, 84, uint32_t, 9242624, 100, 209.652, 2.097, 1.900, 3.312, 4408.558, 4865.768
NVIDIA A40, 84, uint32_t, 9308160, 100, 196.526, 1.965, 1.824, 2.122, 4736.355, 5103.874
NVIDIA A40, 84, uint32_t, 9373696, 100, 188.308, 1.883, 1.821, 2.468, 4977.863, 5148.481
NVIDIA A40, 84, uint32_t, 9439232, 100, 189.170, 1.892, 1.841, 2.174, 4989.825, 5126.808
NVIDIA A40, 84, uint32_t, 9504768, 100, 188.950, 1.890, 1.837, 2.125, 5030.297, 5173.913
NVIDIA A40, 84, uint32_t, 9570304, 100, 195.834, 1.958, 1.861, 2.311, 4886.952, 5143.643
NVIDIA A40, 84, uint32_t, 9635840, 100, 203.699, 2.037, 1.858, 2.439, 4730.423, 5187.431
NVIDIA A40, 84, uint32_t, 9701376, 100, 196.778, 1.968, 1.912, 2.226, 4930.114, 5074.451
NVIDIA A40, 84, uint32_t, 9766912, 100, 197.684, 1.977, 1.907, 2.209, 4940.670, 5122.621
NVIDIA A40, 84, uint32_t, 9832448, 100, 199.899, 1.999, 1.925, 2.335, 4918.704, 5107.447
NVIDIA A40, 84, uint32_t, 9897984, 100, 198.621, 1.986, 1.929, 2.140, 4983.364, 5130.573
NVIDIA A40, 84, uint32_t, 9963520, 100, 198.889, 1.989, 1.926, 2.427, 5009.576, 5172.780
NVIDIA A40, 84, uint32_t, 10029056, 100, 198.860, 1.989, 1.934, 2.307, 5043.276, 5184.754
NVIDIA A40, 84, uint32_t, 10094592, 100, 210.752, 2.108, 1.948, 2.594, 4789.806, 5182.965
NVIDIA A40, 84, uint32_t, 10160128, 100, 212.039, 2.120, 2.024, 2.344, 4791.639, 5018.715
NVIDIA A40, 84, uint32_t, 10225664, 100, 200.282, 2.003, 1.987, 2.110, 5105.628, 5147.423
NVIDIA A40, 84, uint32_t, 10291200, 100, 202.419, 2.024, 1.989, 2.191, 5084.100, 5175.077
NVIDIA A40, 84, uint32_t, 10356736, 100, 202.538, 2.025, 1.993, 2.210, 5113.477, 5197.328
NVIDIA A40, 84, uint32_t, 10422272, 100, 204.735, 2.047, 1.992, 2.200, 5090.626, 5232.905
NVIDIA A40, 84, uint32_t, 10487808, 100, 214.009, 2.140, 1.997, 5.007, 4900.642, 5252.308
NVIDIA A40, 84, uint32_t, 10553344, 100, 205.880, 2.059, 2.008, 2.351, 5125.956, 5255.482
NVIDIA A40, 84, uint32_t, 10618880, 100, 203.374, 2.034, 2.010, 2.171, 5221.344, 5282.899
NVIDIA A40, 84, uint32_t, 10684416, 100, 212.861, 2.129, 2.018, 5.443, 5019.437, 5293.759
NVIDIA A40, 84, uint32_t, 10749952, 100, 211.947, 2.119, 2.028, 2.518, 5071.988, 5302.020
NVIDIA A40, 84, uint32_t, 10815488, 100, 205.849, 2.058, 2.022, 2.228, 5254.094, 5347.848
NVIDIA A40, 84, uint32_t, 10881024, 100, 208.941, 2.089, 2.036, 2.271, 5207.696, 5345.070
NVIDIA A40, 84, uint32_t, 10946560, 100, 214.826, 2.148, 2.062, 4.304, 5095.550, 5307.845
NVIDIA A40, 84, uint32_t, 11012096, 100, 209.503, 2.095, 2.026, 2.301, 5256.304, 5434.315
NVIDIA A40, 84, uint32_t, 11077632, 100, 211.972, 2.120, 2.048, 2.395, 5225.984, 5409.000
NVIDIA A40, 84, uint32_t, 11143168, 100, 223.202, 2.232, 2.102, 2.527, 4992.403, 5300.536
NVIDIA A40, 84, uint32_t, 11208704, 100, 220.866, 2.209, 2.075, 2.535, 5074.895, 5402.764
NVIDIA A40, 84, uint32_t, 11274240, 100, 214.939, 2.149, 2.082, 2.490, 5245.328, 5415.642
NVIDIA A40, 84, uint32_t, 11339776, 100, 213.309, 2.133, 2.068, 2.450, 5316.137, 5482.178
NVIDIA A40, 84, uint32_t, 11405312, 100, 214.246, 2.142, 2.074, 2.464, 5323.455, 5500.247
NVIDIA A40, 84, uint32_t, 11470848, 100, 214.066, 2.141, 2.087, 2.338, 5358.549, 5496.565
NVIDIA A40, 84, uint32_t, 11536384, 100, 214.208, 2.142, 2.086, 2.408, 5385.609, 5530.683
NVIDIA A40, 84, uint32_t, 11601920, 100, 213.958, 2.140, 2.089, 2.281, 5422.529, 5553.922
NVIDIA A40, 84, uint32_t, 11667456, 100, 214.261, 2.143, 2.097, 2.282, 5445.440, 5563.477
NVIDIA A40, 84, uint32_t, 11732992, 100, 214.670, 2.147, 2.104, 2.298, 5465.588, 5575.669
NVIDIA A40, 84, uint32_t, 11798528, 100, 229.175, 2.292, 2.109, 15.406, 5148.255, 5593.204
NVIDIA A40, 84, uint32_t, 11864064, 100, 228.865, 2.289, 2.163, 2.586, 5183.880, 5485.795
NVIDIA A40, 84, uint32_t, 11929600, 100, 227.686, 2.277, 2.193, 2.351, 5239.490, 5438.842
NVIDIA A40, 84, uint32_t, 11995136, 100, 218.793, 2.188, 2.124, 2.383, 5482.411, 5648.023
NVIDIA A40, 84, uint32_t, 12060672, 100, 219.049, 2.190, 2.094, 2.621, 5505.919, 5759.413
NVIDIA A40, 84, uint32_t, 12126208, 100, 218.042, 2.180, 2.119, 2.425, 5561.409, 5723.538
NVIDIA A40, 84, uint32_t, 12191744, 100, 219.238, 2.192, 2.130, 2.494, 5560.971, 5724.038
NVIDIA A40, 84, uint32_t, 12257280, 100, 224.466, 2.245, 2.156, 3.288, 5460.639, 5686.461
NVIDIA A40, 84, uint32_t, 12322816, 100, 221.021, 2.210, 2.149, 2.524, 5575.400, 5733.207
NVIDIA A40, 84, uint32_t, 12388352, 100, 222.943, 2.229, 2.162, 2.420, 5556.746, 5731.103
NVIDIA A40, 84, uint32_t, 12453888, 100, 223.837, 2.238, 2.159, 2.523, 5563.814, 5769.450
NVIDIA A40, 84, uint32_t, 12519424, 100, 225.898, 2.259, 2.173, 2.505, 5542.075, 5761.545
NVIDIA A40, 84, uint32_t, 12584960, 100, 265.640, 2.656, 2.358, 16.302, 4737.602, 5336.590
NVIDIA A40, 84, uint32_t, 12650496, 100, 221.228, 2.212, 2.179, 2.488, 5718.306, 5805.537
NVIDIA A40, 84, uint32_t, 12716032, 100, 222.407, 2.224, 2.182, 2.387, 5717.462, 5827.311
NVIDIA A40, 84, uint32_t, 12781568, 100, 238.702, 2.387, 2.293, 2.591, 5354.624, 5574.810
NVIDIA A40, 84, uint32_t, 12847104, 100, 223.745, 2.237, 2.189, 2.491, 5741.848, 5868.101
NVIDIA A40, 84, uint32_t, 12912640, 100, 224.899, 2.249, 2.198, 2.386, 5741.526, 5876.048
NVIDIA A40, 84, uint32_t, 12978176, 100, 225.232, 2.252, 2.043, 2.435, 5762.137, 6352.882
NVIDIA A40, 84, uint32_t, 13043712, 100, 225.492, 2.255, 2.213, 2.413, 5784.557, 5894.493
NVIDIA A40, 84, uint32_t, 13109248, 100, 224.315, 2.243, 2.207, 2.369, 5844.123, 5940.603
NVIDIA A40, 84, uint32_t, 13174784, 100, 228.341, 2.283, 2.230, 2.476, 5769.788, 5907.254
NVIDIA A40, 84, uint32_t, 13240320, 100, 237.377, 2.374, 2.239, 2.687, 5577.770, 5912.209
NVIDIA A40, 84, uint32_t, 13305856, 100, 228.273, 2.283, 2.227, 2.455, 5828.924, 5974.425
NVIDIA A40, 84, uint32_t, 13371392, 100, 356.632, 3.566, 2.234, 26.488, 3749.357, 5984.504
NVIDIA A40, 84, uint32_t, 13436928, 100, 262.553, 2.626, 2.299, 3.481, 5117.803, 5844.989
NVIDIA A40, 84, uint32_t, 13502464, 100, 241.460, 2.415, 2.307, 2.611, 5592.000, 5852.478
NVIDIA A40, 84, uint32_t, 13568000, 100, 232.406, 2.324, 2.254, 2.659, 5838.056, 6019.991
NVIDIA A40, 84, uint32_t, 13633536, 100, 232.221, 2.322, 2.258, 2.698, 5870.935, 6038.095
NVIDIA A40, 84, uint32_t, 13699072, 100, 234.041, 2.340, 2.268, 2.558, 5853.268, 6039.729
NVIDIA A40, 84, uint32_t, 13764608, 100, 235.211, 2.352, 2.274, 2.609, 5852.032, 6052.229
NVIDIA A40, 84, uint32_t, 13830144, 100, 233.424, 2.334, 2.287, 2.499, 5924.904, 6048.365
NVIDIA A40, 84, uint32_t, 13895680, 100, 235.551, 2.356, 2.288, 2.670, 5899.227, 6074.306
NVIDIA A40, 84, uint32_t, 13961216, 100, 233.807, 2.338, 2.290, 2.504, 5971.260, 6097.495
NVIDIA A40, 84, uint32_t, 14026752, 100, 246.661, 2.467, 2.307, 12.540, 5686.648, 6079.894
NVIDIA A40, 84, uint32_t, 14092288, 100, 235.209, 2.352, 2.284, 2.529, 5991.392, 6171.300
NVIDIA A40, 84, uint32_t, 14157824, 100, 231.629, 2.316, 2.276, 2.451, 6112.290, 6219.523
NVIDIA A40, 84, uint32_t, 14223360, 100, 239.072, 2.391, 2.304, 2.471, 5949.411, 6173.334
NVIDIA A40, 84, uint32_t, 14288896, 100, 245.040, 2.450, 2.369, 2.538, 5831.247, 6032.858
NVIDIA A40, 84, uint32_t, 14354432, 100, 242.147, 2.421, 2.304, 3.509, 5927.992, 6230.222
NVIDIA A40, 84, uint32_t, 14419968, 100, 237.120, 2.371, 2.313, 2.642, 6081.290, 6233.732
NVIDIA A40, 84, uint32_t, 14485504, 100, 242.660, 2.427, 2.324, 2.659, 5969.474, 6231.718
NVIDIA A40, 84, uint32_t, 14551040, 100, 240.880, 2.409, 2.302, 4.622, 6040.781, 6321.175
NVIDIA A40, 84, uint32_t, 14616576, 100, 239.751, 2.398, 2.333, 2.660, 6096.560, 6266.023
NVIDIA A40, 84, uint32_t, 14682112, 100, 241.028, 2.410, 2.341, 2.686, 6091.449, 6272.091
NVIDIA A40, 84, uint32_t, 14747648, 100, 244.333, 2.443, 2.355, 2.868, 6035.893, 6261.739
NVIDIA A40, 84, uint32_t, 14813184, 100, 249.183, 2.492, 2.362, 7.896, 5944.696, 6270.481
NVIDIA A40, 84, uint32_t, 14878720, 100, 251.503, 2.515, 2.374, 2.831, 5915.928, 6268.335
NVIDIA A40, 84, uint32_t, 14944256, 100, 254.586, 2.546, 2.446, 2.769, 5870.024, 6108.832
NVIDIA A40, 84, uint32_t, 15009792, 100, 247.114, 2.471, 2.375, 5.236, 6074.043, 6320.828
NVIDIA A40, 84, uint32_t, 15075328, 100, 242.799, 2.428, 2.377, 2.730, 6208.962, 6342.956
NVIDIA A40, 84, uint32_t, 15140864, 100, 243.878, 2.439, 2.392, 2.595, 6208.381, 6329.623
NVIDIA A40, 84, uint32_t, 15206400, 100, 244.317, 2.443, 2.386, 2.589, 6224.038, 6373.390
NVIDIA A40, 84, uint32_t, 15271936, 100, 246.531, 2.465, 2.404, 2.889, 6194.730, 6351.789
NVIDIA A40, 84, uint32_t, 15337472, 100, 245.758, 2.458, 2.413, 2.576, 6240.878, 6357.048
NVIDIA A40, 84, uint32_t, 15403008, 100, 251.162, 2.512, 2.413, 8.516, 6132.708, 6384.550
NVIDIA A40, 84, uint32_t, 15468544, 100, 251.659, 2.517, 2.416, 2.886, 6146.619, 6403.561
NVIDIA A40, 84, uint32_t, 15534080, 100, 252.233, 2.522, 2.413, 2.885, 6158.628, 6438.879
NVIDIA A40, 84, uint32_t, 15599616, 100, 243.789, 2.438, 2.396, 2.614, 6398.831, 6510.257
NVIDIA A40, 84, uint32_t, 15665152, 100, 260.657, 2.607, 2.492, 3.083, 6009.863, 6285.128
NVIDIA A40, 84, uint32_t, 15730688, 100, 256.979, 2.570, 2.448, 2.841, 6121.389, 6424.927
NVIDIA A40, 84, uint32_t, 15796224, 100, 250.605, 2.506, 2.441, 2.894, 6303.246, 6470.638
NVIDIA A40, 84, uint32_t, 15861760, 100, 252.344, 2.523, 2.450, 2.838, 6285.779, 6473.046
NVIDIA A40, 84, uint32_t, 15927296, 100, 251.989, 2.520, 2.450, 2.892, 6320.629, 6499.791
NVIDIA A40, 84, uint32_t, 15992832, 100, 252.771, 2.528, 2.470, 2.842, 6326.996, 6475.124
NVIDIA A40, 84, uint32_t, 16058368, 100, 252.115, 2.521, 2.471, 2.655, 6369.461, 6498.964
NVIDIA A40, 84, uint32_t, 16123904, 100, 259.729, 2.597, 2.488, 7.602, 6207.981, 6479.835
NVIDIA A40, 84, uint32_t, 16189440, 100, 251.874, 2.519, 2.478, 2.730, 6427.589, 6533.058
NVIDIA A40, 84, uint32_t, 16254976, 100, 266.926, 2.669, 2.479, 2.893, 6089.690, 6556.795
NVIDIA A40, 84, uint32_t, 16320512, 100, 257.577, 2.576, 2.488, 9.306, 6336.168, 6558.847
NVIDIA A40, 84, uint32_t, 16386048, 100, 252.680, 2.527, 2.483, 2.723, 6484.891, 6598.763
NVIDIA A40, 84, uint32_t, 16451584, 100, 261.933, 2.619, 2.502, 3.033, 6280.833, 6576.341
NVIDIA A40, 84, uint32_t, 16517120, 100, 258.293, 2.583, 2.494, 3.141, 6394.719, 6621.511
NVIDIA A40, 84, uint32_t, 16582656, 100, 258.225, 2.582, 2.513, 2.902, 6421.777, 6599.022
NVIDIA A40, 84, uint32_t, 16648192, 100, 258.119, 2.581, 2.516, 2.820, 6449.819, 6617.012
NVIDIA A40, 84, uint32_t, 16713728, 100, 260.088, 2.601, 2.520, 3.058, 6426.185, 6632.263
NVIDIA A40, 84, uint32_t, 16779264, 100, 261.070, 2.611, 2.527, 2.957, 6427.124, 6639.384
NVIDIA A40, 84, uint32_t, 16844800, 100, 256.522, 2.565, 2.532, 2.748, 6566.601, 6651.840
NVIDIA A40, 84, uint32_t, 16910336, 100, 258.410, 2.584, 2.531, 5.073, 6544.003, 6680.421
NVIDIA A40, 84, uint32_t, 16975872, 100, 270.842, 2.708, 2.616, 2.764, 6267.818, 6488.454
NVIDIA A40, 84, uint32_t, 17041408, 100, 256.154, 2.562, 2.541, 2.761, 6652.805, 6707.779
NVIDIA A40, 84, uint32_t, 17106944, 100, 261.101, 2.611, 2.556, 2.785, 6551.859, 6693.109
NVIDIA A40, 84, uint32_t, 17172480, 100, 260.328, 2.603, 2.551, 2.746, 6596.466, 6732.236
NVIDIA A40, 84, uint32_t, 17238016, 100, 264.472, 2.645, 2.573, 4.105, 6517.905, 6698.766
NVIDIA A40, 84, uint32_t, 17303552, 100, 292.245, 2.922, 2.563, 20.467, 5920.910, 6751.099
NVIDIA A40, 84, uint32_t, 17369088, 100, 263.679, 2.637, 2.571, 2.829, 6587.209, 6755.078
NVIDIA A40, 84, uint32_t, 17434624, 100, 263.603, 2.636, 2.570, 3.417, 6613.962, 6783.098
NVIDIA A40, 84, uint32_t, 17500160, 100, 283.945, 2.839, 2.655, 3.793, 6163.224, 6590.822
NVIDIA A40, 84, uint32_t, 17565696, 100, 261.827, 2.618, 2.587, 2.881, 6708.904, 6790.974
NVIDIA A40, 84, uint32_t, 17631232, 100, 265.022, 2.650, 2.598, 2.909, 6652.755, 6786.756
NVIDIA A40, 84, uint32_t, 17696768, 100, 268.985, 2.690, 2.593, 2.995, 6579.083, 6825.435
NVIDIA A40, 84, uint32_t, 17762304, 100, 268.195, 2.682, 2.607, 2.940, 6622.906, 6813.040
NVIDIA A40, 84, uint32_t, 17827840, 100, 271.667, 2.717, 2.605, 4.659, 6562.378, 6843.553
NVIDIA A40, 84, uint32_t, 17893376, 100, 267.893, 2.679, 2.620, 2.827, 6679.302, 6828.449
NVIDIA A40, 84, uint32_t, 17958912, 100, 266.118, 2.661, 2.621, 2.835, 6748.472, 6850.781
NVIDIA A40, 84, uint32_t, 18024448, 100, 267.504, 2.675, 2.632, 2.845, 6738.023, 6849.027
NVIDIA A40, 84, uint32_t, 18089984, 100, 265.045, 2.650, 2.631, 2.786, 6825.250, 6876.606
NVIDIA A40, 84, uint32_t, 18155520, 100, 264.863, 2.649, 2.634, 2.675, 6854.690, 6893.552
NVIDIA A40, 84, uint32_t, 18221056, 100, 273.660, 2.737, 2.635, 2.871, 6658.290, 6915.663
NVIDIA A40, 84, uint32_t, 18286592, 100, 264.610, 2.646, 2.630, 2.695, 6910.780, 6954.050
NVIDIA A40, 84, uint32_t, 18352128, 100, 284.192, 2.842, 2.656, 3.464, 6457.654, 6909.021
NVIDIA A40, 84, uint32_t, 18417664, 100, 273.655, 2.737, 2.636, 3.106, 6730.258, 6987.653
NVIDIA A40, 84, uint32_t, 18483200, 100, 271.314, 2.713, 2.645, 2.976, 6812.483, 6987.998
NVIDIA A40, 84, uint32_t, 18548736, 100, 274.794, 2.748, 2.677, 3.148, 6750.062, 6929.609
NVIDIA A40, 84, uint32_t, 18614272, 100, 279.679, 2.797, 2.712, 3.111, 6655.582, 6864.804
NVIDIA A40, 84, uint32_t, 18679808, 100, 303.229, 3.032, 2.686, 7.663, 6160.297, 6954.632
NVIDIA A40, 84, uint32_t, 18745344, 100, 293.683, 2.937, 2.738, 3.516, 6382.841, 6845.923
NVIDIA A40, 84, uint32_t, 18810880, 100, 279.040, 2.790, 2.686, 6.013, 6741.278, 7003.431
NVIDIA A40, 84, uint32_t, 18876416, 100, 305.595, 3.056, 2.938, 7.090, 6176.947, 6425.235
NVIDIA A40, 84, uint32_t, 18941952, 100, 276.104, 2.761, 2.706, 2.907, 6860.436, 6998.865
NVIDIA A40, 84, uint32_t, 19007488, 100, 298.282, 2.983, 2.713, 14.840, 6372.323, 7007.173
NVIDIA A40, 84, uint32_t, 19073024, 100, 278.375, 2.784, 2.735, 2.944, 6851.546, 6973.418
NVIDIA A40, 84, uint32_t, 19138560, 100, 281.259, 2.813, 2.760, 2.958, 6804.604, 6935.065
NVIDIA A40, 84, uint32_t, 19204096, 100, 278.173, 2.782, 2.730, 2.956, 6903.640, 7034.509
NVIDIA A40, 84, uint32_t, 19269632, 100, 280.316, 2.803, 2.712, 3.616, 6874.257, 7106.496
NVIDIA A40, 84, uint32_t, 19335168, 100, 276.514, 2.765, 2.730, 2.938, 6992.477, 7082.521
NVIDIA A40, 84, uint32_t, 19400704, 100, 282.153, 2.822, 2.743, 4.334, 6875.948, 7072.042
NVIDIA A40, 84, uint32_t, 19466240, 100, 294.426, 2.944, 2.828, 3.302, 6611.600, 6882.694
NVIDIA A40, 84, uint32_t, 19531776, 100, 288.594, 2.886, 2.754, 5.638, 6767.907, 7093.343
NVIDIA A40, 84, uint32_t, 19597312, 100, 283.083, 2.831, 2.761, 3.186, 6922.821, 7098.665
NVIDIA A40, 84, uint32_t, 19662848, 100, 281.896, 2.819, 2.765, 3.041, 6975.217, 7111.769
NVIDIA A40, 84, uint32_t, 19728384, 100, 281.796, 2.818, 2.699, 3.072, 7000.955, 7308.801
NVIDIA A40, 84, uint32_t, 19793920, 100, 282.499, 2.825, 2.779, 2.968, 7006.719, 7122.329
NVIDIA A40, 84, uint32_t, 19859456, 100, 298.697, 2.987, 2.868, 3.234, 6648.700, 6923.956
NVIDIA A40, 84, uint32_t, 19924992, 100, 285.452, 2.855, 2.788, 3.111, 6980.145, 7145.795
NVIDIA A40, 84, uint32_t, 19990528, 100, 281.379, 2.814, 2.776, 3.012, 7104.483, 7201.033
NVIDIA A40, 84, uint32_t, 20056064, 100, 283.520, 2.835, 2.790, 2.978, 7073.958, 7187.523
NVIDIA A40, 84, uint32_t, 20121600, 100, 302.817, 3.028, 2.805, 3.574, 6644.799, 7174.233
NVIDIA A40, 84, uint32_t, 20187136, 100, 288.008, 2.880, 2.805, 3.394, 7009.218, 7197.518
NVIDIA A40, 84, uint32_t, 20252672, 100, 286.891, 2.869, 2.807, 3.068, 7059.362, 7215.615
NVIDIA A40, 84, uint32_t, 20318208, 100, 297.090, 2.971, 2.817, 5.689, 6839.065, 7212.650
NVIDIA A40, 84, uint32_t, 20383744, 100, 285.410, 2.854, 2.828, 2.998, 7141.907, 7207.096
NVIDIA A40, 84, uint32_t, 20449280, 100, 285.628, 2.856, 2.828, 2.991, 7159.398, 7230.268
NVIDIA A40, 84, uint32_t, 20514816, 100, 285.110, 2.851, 2.822, 3.034, 7195.395, 7269.231
NVIDIA A40, 84, uint32_t, 20580352, 100, 299.401, 2.994, 2.906, 3.195, 6873.842, 7081.748
NVIDIA A40, 84, uint32_t, 20645888, 100, 323.713, 3.237, 2.846, 27.209, 6377.836, 7255.128
NVIDIA A40, 84, uint32_t, 20711424, 100, 290.388, 2.904, 2.849, 3.050, 7132.324, 7270.309
NVIDIA A40, 84, uint32_t, 20776960, 100, 288.977, 2.890, 2.849, 3.055, 7189.835, 7293.314
NVIDIA A40, 84, uint32_t, 20842496, 100, 290.562, 2.906, 2.859, 3.047, 7173.160, 7290.114
NVIDIA A40, 84, uint32_t, 20908032, 100, 315.860, 3.159, 2.868, 3.758, 6619.401, 7289.540
NVIDIA A40, 84, uint32_t, 20973568, 100, 329.674, 3.297, 2.909, 4.727, 6361.916, 7209.433
NVIDIA A40, 84, uint32_t, 21039104, 100, 298.784, 2.988, 2.877, 3.368, 7041.583, 7311.744
NVIDIA A40, 84, uint32_t, 21104640, 100, 303.665, 3.037, 2.871, 5.695, 6949.985, 7350.214
NVIDIA A40, 84, uint32_t, 21170176, 100, 293.513, 2.935, 2.879, 3.215, 7212.681, 7352.063
NVIDIA A40, 84, uint32_t, 21235712, 100, 295.953, 2.960, 2.890, 3.386, 7175.358, 7348.689
NVIDIA A40, 84, uint32_t, 21301248, 100, 295.560, 2.956, 2.895, 3.175, 7207.073, 7358.330
NVIDIA A40, 84, uint32_t, 21366784, 100, 299.634, 2.996, 2.898, 5.965, 7130.965, 7373.145
NVIDIA A40, 84, uint32_t, 21432320, 100, 296.177, 2.962, 2.907, 3.104, 7236.330, 7372.314
NVIDIA A40, 84, uint32_t, 21497856, 100, 292.908, 2.929, 2.915, 2.946, 7339.453, 7374.078
NVIDIA A40, 84, uint32_t, 21563392, 100, 293.251, 2.933, 2.914, 2.970, 7353.216, 7399.157
NVIDIA A40, 84, uint32_t, 21628928, 100, 305.158, 3.052, 2.961, 3.196, 7087.784, 7303.596
NVIDIA A40, 84, uint32_t, 21694464, 100, 302.697, 3.027, 2.924, 3.568, 7167.067, 7420.665
NVIDIA A40, 84, uint32_t, 21760000, 100, 296.992, 2.970, 2.927, 3.168, 7326.803, 7435.269
NVIDIA A40, 84, uint32_t, 21825536, 100, 303.459, 3.035, 2.942, 3.295, 7192.242, 7418.726
NVIDIA A40, 84, uint32_t, 21891072, 100, 310.814, 3.108, 3.037, 3.411, 7043.145, 7207.611
NVIDIA A40, 84, uint32_t, 21956608, 100, 305.058, 3.051, 2.967, 3.355, 7197.527, 7401.450
NVIDIA A40, 84, uint32_t, 22022144, 100, 328.774, 3.288, 3.025, 6.568, 6698.265, 7280.298
NVIDIA A40, 84, uint32_t, 22087680, 100, 310.549, 3.105, 2.989, 3.384, 7112.472, 7389.517
NVIDIA A40, 84, uint32_t, 22153216, 100, 313.262, 3.133, 2.968, 8.605, 7071.785, 7465.149
NVIDIA A40, 84, uint32_t, 22218752, 100, 301.738, 3.017, 2.970, 3.169, 7363.589, 7482.069
NVIDIA A40, 84, uint32_t, 22284288, 100, 303.065, 3.031, 2.982, 3.285, 7352.967, 7473.214
NVIDIA A40, 84, uint32_t, 22349824, 100, 303.460, 3.035, 2.983, 3.170, 7365.009, 7492.619
NVIDIA A40, 84, uint32_t, 22415360, 100, 304.300, 3.043, 2.992, 3.208, 7366.197, 7491.444
NVIDIA A40, 84, uint32_t, 22480896, 100, 309.324, 3.093, 2.998, 3.405, 7267.755, 7498.191
NVIDIA A40, 84, uint32_t, 22546432, 100, 306.731, 3.067, 3.036, 3.182, 7350.565, 7425.970
NVIDIA A40, 84, uint32_t, 22611968, 100, 310.062, 3.101, 2.991, 5.730, 7292.724, 7559.740
NVIDIA A40, 84, uint32_t, 22677504, 100, 324.495, 3.245, 3.016, 3.664, 6988.546, 7519.864
NVIDIA A40, 84, uint32_t, 22743040, 100, 314.657, 3.147, 3.018, 3.448, 7227.889, 7536.478
NVIDIA A40, 84, uint32_t, 22808576, 100, 307.623, 3.076, 3.024, 3.394, 7414.456, 7542.838
NVIDIA A40, 84, uint32_t, 22874112, 100, 307.673, 3.077, 3.021, 3.278, 7434.553, 7572.203
NVIDIA A40, 84, uint32_t, 22939648, 100, 308.701, 3.087, 3.033, 3.324, 7431.018, 7563.133
NVIDIA A40, 84, uint32_t, 23005184, 100, 308.802, 3.088, 3.039, 3.357, 7449.826, 7569.407
NVIDIA A40, 84, uint32_t, 23070720, 100, 326.002, 3.260, 3.124, 3.495, 7076.867, 7384.464
NVIDIA A40, 84, uint32_t, 23136256, 100, 308.356, 3.084, 3.038, 3.225, 7503.107, 7615.099
NVIDIA A40, 84, uint32_t, 23201792, 100, 312.960, 3.130, 3.059, 3.323, 7413.657, 7585.538
NVIDIA A40, 84, uint32_t, 23267328, 100, 312.044, 3.120, 3.060, 3.267, 7456.435, 7604.418
NVIDIA A40, 84, uint32_t, 23332864, 100, 315.250, 3.152, 3.055, 5.401, 7401.389, 7638.619
NVIDIA A40, 84, uint32_t, 23398400, 100, 313.326, 3.133, 3.069, 3.338, 7467.758, 7624.291
NVIDIA A40, 84, uint32_t, 23463936, 100, 315.348, 3.153, 3.047, 3.860, 7440.655, 7699.597
NVIDIA A40, 84, uint32_t, 23529472, 100, 313.684, 3.137, 2.900, 3.380, 7501.022, 8113.701
NVIDIA A40, 84, uint32_t, 23595008, 100, 319.886, 3.199, 3.084, 10.307, 7376.077, 7650.067
NVIDIA A40, 84, uint32_t, 23660544, 100, 311.388, 3.114, 3.088, 3.222, 7598.409, 7661.141
NVIDIA A40, 84, uint32_t, 23726080, 100, 325.478, 3.255, 3.108, 3.439, 7289.619, 7634.267
NVIDIA A40, 84, uint32_t, 23791616, 100, 316.198, 3.162, 3.102, 4.516, 7524.284, 7670.518
NVIDIA A40, 84, uint32_t, 23857152, 100, 315.866, 3.159, 3.103, 3.325, 7552.929, 7689.109
NVIDIA A40, 84, uint32_t, 23922688, 100, 320.602, 3.206, 3.116, 3.413, 7461.798, 7677.292
NVIDIA A40, 84, uint32_t, 23988224, 100, 419.932, 4.199, 3.132, 25.765, 5712.405, 7658.058
NVIDIA A40, 84, uint32_t, 24053760, 100, 332.072, 3.321, 3.124, 11.207, 7243.543, 7699.036
NVIDIA A40, 84, uint32_t, 24119296, 100, 343.635, 3.436, 3.215, 4.629, 7018.871, 7501.274
NVIDIA A40, 84, uint32_t, 24184832, 100, 319.409, 3.194, 3.135, 3.486, 7571.738, 7713.259
NVIDIA A40, 84, uint32_t, 24250368, 100, 327.422, 3.274, 3.143, 9.415, 7406.457, 7716.677
NVIDIA A40, 84, uint32_t, 24315904, 100, 321.316, 3.213, 2.972, 3.646, 7567.602, 8182.633
NVIDIA A40, 84, uint32_t, 24381440, 100, 320.784, 3.208, 3.153, 3.400, 7600.590, 7733.030
NVIDIA A40, 84, uint32_t, 24446976, 100, 322.558, 3.226, 3.165, 3.431, 7579.094, 7723.714
NVIDIA A40, 84, uint32_t, 24512512, 100, 338.590, 3.386, 3.167, 12.245, 7239.591, 7739.411
NVIDIA A40, 84, uint32_t, 24578048, 100, 317.481, 3.175, 3.155, 3.201, 7741.584, 7790.328
NVIDIA A40, 84, uint32_t, 24643584, 100, 322.734, 3.227, 3.141, 3.348, 7635.874, 7846.756
NVIDIA A40, 84, uint32_t, 24709120, 100, 330.367, 3.304, 3.179, 6.969, 7479.301, 7773.762
NVIDIA A40, 84, uint32_t, 24774656, 100, 324.958, 3.250, 3.046, 3.430, 7623.950, 8132.437
NVIDIA A40, 84, uint32_t, 24840192, 100, 326.889, 3.269, 3.200, 3.594, 7598.958, 7762.560
NVIDIA A40, 84, uint32_t, 24905728, 100, 327.931, 3.279, 3.204, 3.623, 7594.810, 7773.090
NVIDIA A40, 84, uint32_t, 24971264, 100, 334.198, 3.342, 3.211, 10.090, 7471.995, 7776.148
NVIDIA A40, 84, uint32_t, 25036800, 100, 345.105, 3.451, 3.304, 3.744, 7254.826, 7576.697
NVIDIA A40, 84, uint32_t, 25102336, 100, 329.590, 3.296, 3.214, 3.736, 7616.233, 7809.494
NVIDIA A40, 84, uint32_t, 25167872, 100, 358.657, 3.587, 3.521, 3.799, 7017.252, 7148.924
NVIDIA A40, 84, uint32_t, 25233408, 100, 328.402, 3.284, 3.228, 3.467, 7683.695, 7817.893
NVIDIA A40, 84, uint32_t, 25298944, 100, 328.018, 3.280, 3.229, 3.407, 7712.661, 7835.712
NVIDIA A40, 84, uint32_t, 25364480, 100, 325.944, 3.259, 3.219, 3.426, 7781.850, 7878.499
NVIDIA A40, 84, uint32_t, 25430016, 100, 330.169, 3.302, 3.230, 3.535, 7702.127, 7873.499
NVIDIA A40, 84, uint32_t, 25495552, 100, 327.159, 3.272, 3.239, 3.496, 7793.024, 7871.641
NVIDIA A40, 84, uint32_t, 25561088, 100, 340.028, 3.400, 3.313, 4.338, 7517.338, 7716.229
NVIDIA A40, 84, uint32_t, 25626624, 100, 343.219, 3.432, 3.329, 4.138, 7466.542, 7697.791
NVIDIA A40, 84, uint32_t, 25692160, 100, 328.015, 3.280, 3.254, 3.363, 7832.618, 7894.902
NVIDIA A40, 84, uint32_t, 25757696, 100, 331.053, 3.311, 3.268, 3.476, 7780.531, 7882.795
NVIDIA A40, 84, uint32_t, 25823232, 100, 332.518, 3.325, 3.279, 3.498, 7765.975, 7875.703
NVIDIA A40, 84, uint32_t, 25888768, 100, 335.631, 3.356, 3.276, 3.734, 7713.452, 7903.095
NVIDIA A40, 84, uint32_t, 25954304, 100, 342.038, 3.420, 3.291, 3.631, 7588.133, 7886.123
NVIDIA A40, 84, uint32_t, 26019840, 100, 351.281, 3.513, 3.286, 10.244, 7407.125, 7918.278
NVIDIA A40, 84, uint32_t, 26085376, 100, 335.319, 3.353, 3.295, 3.558, 7779.272, 7916.097
NVIDIA A40, 84, uint32_t, 26150912, 100, 334.127, 3.341, 3.298, 3.550, 7826.632, 7928.593
NVIDIA A40, 84, uint32_t, 26216448, 100, 340.931, 3.409, 3.291, 3.795, 7689.667, 7965.775
NVIDIA A40, 84, uint32_t, 26281984, 100, 348.097, 3.481, 3.304, 13.953, 7550.199, 7953.517
NVIDIA A40, 84, uint32_t, 26347520, 100, 334.218, 3.342, 3.315, 3.458, 7883.328, 7948.718
NVIDIA A40, 84, uint32_t, 26413056, 100, 333.483, 3.335, 3.313, 3.420, 7920.354, 7973.416
NVIDIA A40, 84, uint32_t, 26478592, 100, 335.269, 3.353, 3.326, 3.468, 7897.715, 7961.207
NVIDIA A40, 84, uint32_t, 26544128, 100, 350.022, 3.500, 3.408, 3.591, 7583.566, 7789.063
NVIDIA A40, 84, uint32_t, 26609664, 100, 338.434, 3.384, 3.327, 3.541, 7862.583, 7998.153
NVIDIA A40, 84, uint32_t, 26675200, 100, 348.048, 3.480, 3.332, 6.530, 7664.221, 8005.686
NVIDIA A40, 84, uint32_t, 26740736, 100, 340.868, 3.409, 3.354, 3.894, 7844.896, 7973.740
NVIDIA A40, 84, uint32_t, 26806272, 100, 357.975, 3.580, 3.396, 3.984, 7488.299, 7894.451
NVIDIA A40, 84, uint32_t, 26871808, 100, 352.491, 3.525, 3.360, 4.378, 7623.409, 7998.171
NVIDIA A40, 84, uint32_t, 26937344, 100, 345.794, 3.458, 3.376, 3.852, 7790.005, 7978.769
NVIDIA A40, 84, uint32_t, 27002880, 100, 344.061, 3.441, 3.372, 3.653, 7848.279, 8007.896
NVIDIA A40, 84, uint32_t, 27068416, 100, 342.926, 3.429, 3.369, 3.727, 7893.363, 8034.651
NVIDIA A40, 84, uint32_t, 27133952, 100, 344.433, 3.444, 3.387, 3.659, 7877.865, 8010.278
NVIDIA A40, 84, uint32_t, 27199488, 100, 344.659, 3.447, 3.389, 3.676, 7891.711, 8024.773
NVIDIA A40, 84, uint32_t, 27265024, 100, 340.079, 3.401, 3.377, 3.431, 8017.271, 8073.378
NVIDIA A40, 84, uint32_t, 27330560, 100, 340.218, 3.402, 3.382, 3.534, 8033.244, 8080.533
NVIDIA A40, 84, uint32_t, 27396096, 100, 368.969, 3.690, 3.481, 3.887, 7425.043, 7871.138
NVIDIA A40, 84, uint32_t, 27461632, 100, 344.358, 3.444, 3.408, 3.593, 7974.731, 8058.293
NVIDIA A40, 84, uint32_t, 27527168, 100, 359.146, 3.591, 3.405, 11.442, 7664.626, 8084.812
NVIDIA A40, 84, uint32_t, 27592704, 100, 355.896, 3.559, 3.410, 9.740, 7753.016, 8091.892
NVIDIA A40, 84, uint32_t, 27658240, 100, 356.676, 3.567, 3.425, 4.357, 7754.449, 8074.738
NVIDIA A40, 84, uint32_t, 27723776, 100, 358.871, 3.589, 3.440, 4.084, 7725.272, 8060.137
NVIDIA A40, 84, uint32_t, 27789312, 100, 353.052, 3.531, 3.446, 3.711, 7871.175, 8064.785
NVIDIA A40, 84, uint32_t, 27854848, 100, 349.352, 3.494, 3.440, 3.627, 7973.292, 8098.244
NVIDIA A40, 84, uint32_t, 27920384, 100, 357.433, 3.574, 3.447, 6.412, 7811.353, 8100.416
NVIDIA A40, 84, uint32_t, 27985920, 100, 350.523, 3.505, 3.457, 3.664, 7984.036, 8095.454
NVIDIA A40, 84, uint32_t, 28051456, 100, 352.298, 3.523, 3.308, 3.811, 7962.412, 8481.115
NVIDIA A40, 84, uint32_t, 28116992, 100, 353.749, 3.537, 3.461, 7.094, 7948.282, 8123.669
NVIDIA A40, 84, uint32_t, 28182528, 100, 349.729, 3.497, 3.455, 3.612, 8058.393, 8157.083
NVIDIA A40, 84, uint32_t, 28248064, 100, 357.887, 3.579, 3.475, 4.469, 7893.012, 8127.873
NVIDIA A40, 84, uint32_t, 28313600, 100, 354.227, 3.542, 3.483, 3.817, 7993.061, 8129.962
NVIDIA A40, 84, uint32_t, 28379136, 100, 354.486, 3.545, 3.477, 3.927, 8005.707, 8163.106
NVIDIA A40, 84, uint32_t, 28444672, 100, 354.835, 3.548, 3.503, 3.697, 8016.301, 8119.848
NVIDIA A40, 84, uint32_t, 28510208, 100, 380.867, 3.809, 3.596, 6.338, 7485.611, 7927.677
NVIDIA A40, 84, uint32_t, 28575744, 100, 356.095, 3.561, 3.504, 3.789, 8024.747, 8154.880
NVIDIA A40, 84, uint32_t, 28641280, 100, 364.407, 3.644, 3.521, 4.007, 7859.700, 8135.544
NVIDIA A40, 84, uint32_t, 28706816, 100, 354.003, 3.540, 3.506, 3.679, 8109.190, 8187.500
NVIDIA A40, 84, uint32_t, 28772352, 100, 417.665, 4.177, 3.514, 28.171, 6888.856, 8186.988
NVIDIA A40, 84, uint32_t, 28837888, 100, 359.819, 3.598, 3.517, 3.899, 8014.546, 8198.544
NVIDIA A40, 84, uint32_t, 28903424, 100, 355.801, 3.558, 3.513, 3.686, 8123.478, 8226.756
NVIDIA A40, 84, uint32_t, 28968960, 100, 356.016, 3.560, 3.531, 3.750, 8136.975, 8204.757
NVIDIA A40, 84, uint32_t, 29034496, 100, 355.714, 3.557, 3.522, 3.698, 8162.309, 8244.838
NVIDIA A40, 84, uint32_t, 29100032, 100, 370.675, 3.707, 3.601, 3.778, 7850.556, 8080.110
NVIDIA A40, 84, uint32_t, 29165568, 100, 360.849, 3.608, 3.542, 3.775, 8082.495, 8234.172
NVIDIA A40, 84, uint32_t, 29231104, 100, 360.234, 3.602, 3.546, 3.751, 8114.484, 8243.142
NVIDIA A40, 84, uint32_t, 29296640, 100, 364.202, 3.642, 3.542, 4.074, 8044.053, 8271.177
NVIDIA A40, 84, uint32_t, 29362176, 100, 364.215, 3.642, 3.562, 3.846, 8061.763, 8242.024
NVIDIA A40, 84, uint32_t, 29427712, 100, 368.809, 3.688, 3.570, 4.136, 7979.118, 8243.832
NVIDIA A40, 84, uint32_t, 29493248, 100, 368.987, 3.690, 3.597, 4.003, 7993.026, 8198.691
NVIDIA A40, 84, uint32_t, 29558784, 100, 365.397, 3.654, 3.586, 3.976, 8089.499, 8242.719
NVIDIA A40, 84, uint32_t, 29624320, 100, 368.043, 3.680, 3.596, 3.981, 8049.146, 8237.472
NVIDIA A40, 84, uint32_t, 29689856, 100, 365.418, 3.654, 3.579, 5.457, 8124.892, 8295.851
NVIDIA A40, 84, uint32_t, 29755392, 100, 361.838, 3.618, 3.590, 3.797, 8223.412, 8288.078
NVIDIA A40, 84, uint32_t, 29820928, 100, 366.277, 3.663, 3.589, 7.897, 8141.639, 8308.702
NVIDIA A40, 84, uint32_t, 29886464, 100, 386.940, 3.869, 3.638, 4.903, 7723.802, 8214.467
NVIDIA A40, 84, uint32_t, 29952000, 100, 370.659, 3.707, 3.613, 3.959, 8080.734, 8290.816
NVIDIA A40, 84, uint32_t, 30017536, 100, 368.578, 3.686, 3.620, 3.958, 8144.156, 8292.504
NVIDIA A40, 84, uint32_t, 30083072, 100, 385.243, 3.852, 3.629, 8.844, 7808.854, 8289.503
NVIDIA A40, 84, uint32_t, 30148608, 100, 371.638, 3.716, 3.637, 3.983, 8112.355, 8288.851
NVIDIA A40, 84, uint32_t, 30214144, 100, 371.784, 3.718, 3.644, 3.899, 8126.808, 8290.531
NVIDIA A40, 84, uint32_t, 30279680, 100, 369.620, 3.696, 3.649, 3.866, 8192.112, 8299.186
NVIDIA A40, 84, uint32_t, 30345216, 100, 382.278, 3.823, 3.637, 10.930, 7938.002, 8342.905
NVIDIA A40, 84, uint32_t, 30410752, 100, 368.161, 3.682, 3.488, 3.925, 8260.170, 8719.319
NVIDIA A40, 84, uint32_t, 30476288, 100, 365.815, 3.658, 3.641, 3.715, 8331.068, 8369.590
NVIDIA A40, 84, uint32_t, 30541824, 100, 370.853, 3.709, 3.673, 3.782, 8235.561, 8315.026
NVIDIA A40, 84, uint32_t, 30607360, 100, 370.063, 3.701, 3.674, 3.892, 8270.846, 8330.546
NVIDIA A40, 84, uint32_t, 30672896, 100, 396.700, 3.967, 3.767, 11.453, 7732.018, 8141.886
NVIDIA A40, 84, uint32_t, 30738432, 100, 379.221, 3.792, 3.725, 4.046, 8105.674, 8251.237
NVIDIA A40, 84, uint32_t, 30803968, 100, 377.183, 3.772, 3.700, 3.954, 8166.839, 8326.045
NVIDIA A40, 84, uint32_t, 30869504, 100, 397.243, 3.972, 3.839, 4.256, 7770.930, 8041.078
NVIDIA A40, 84, uint32_t, 30935040, 100, 380.842, 3.808, 3.737, 4.026, 8122.799, 8278.980
NVIDIA A40, 84, uint32_t, 31000576, 100, 381.627, 3.816, 3.723, 4.047, 8123.275, 8326.183
NVIDIA A40, 84, uint32_t, 31066112, 100, 483.620, 4.836, 3.706, 23.563, 6423.660, 8382.979
NVIDIA A40, 84, uint32_t, 31131648, 100, 377.897, 3.779, 3.711, 3.988, 8238.126, 8389.073
NVIDIA A40, 84, uint32_t, 31197184, 100, 382.518, 3.825, 3.718, 7.400, 8155.737, 8390.526
NVIDIA A40, 84, uint32_t, 31262720, 100, 373.951, 3.740, 3.710, 3.896, 8360.122, 8426.718
NVIDIA A40, 84, uint32_t, 31328256, 100, 372.711, 3.727, 3.707, 3.755, 8405.499, 8451.381
NVIDIA A40, 84, uint32_t, 31393792, 100, 376.247, 3.762, 3.708, 6.092, 8343.923, 8466.649
NVIDIA A40, 84, uint32_t, 31459328, 100, 420.193, 4.202, 4.118, 10.084, 7486.870, 7640.388
NVIDIA A40, 84, uint32_t, 31524864, 100, 376.579, 3.766, 3.723, 3.906, 8371.378, 8467.069
NVIDIA A40, 84, uint32_t, 31590400, 100, 387.742, 3.877, 3.749, 4.238, 8147.282, 8426.660
NVIDIA A40, 84, uint32_t, 31655936, 100, 394.920, 3.949, 3.757, 4.320, 8015.785, 8425.729
NVIDIA A40, 84, uint32_t, 31721472, 100, 386.375, 3.864, 3.753, 4.121, 8210.028, 8452.388
NVIDIA A40, 84, uint32_t, 31787008, 100, 383.327, 3.833, 3.767, 4.058, 8292.394, 8437.619
NVIDIA A40, 84, uint32_t, 31852544, 100, 381.883, 3.819, 3.765, 4.018, 8340.909, 8459.614
NVIDIA A40, 84, uint32_t, 31918080, 100, 391.151, 3.912, 3.798, 6.963, 8160.030, 8403.882
NVIDIA A40, 84, uint32_t, 31983616, 100, 383.501, 3.835, 3.791, 3.880, 8339.898, 8437.061
NVIDIA A40, 84, uint32_t, 32049152, 100, 389.194, 3.892, 3.823, 6.980, 8234.753, 8384.141
NVIDIA A40, 84, uint32_t, 32114688, 100, 387.417, 3.874, 3.819, 5.335, 8289.435, 8408.184
NVIDIA A40, 84, uint32_t, 32180224, 100, 417.076, 4.171, 3.937, 9.328, 7715.672, 8173.212
NVIDIA A40, 84, uint32_t, 32245760, 100, 388.274, 3.883, 3.815, 4.151, 8304.891, 8451.493
NVIDIA A40, 84, uint32_t, 32311296, 100, 389.211, 3.892, 3.830, 4.292, 8301.733, 8436.898
NVIDIA A40, 84, uint32_t, 32376832, 100, 405.350, 4.054, 3.903, 4.594, 7987.367, 8294.334
NVIDIA A40, 84, uint32_t, 32442368, 100, 456.716, 4.567, 3.823, 24.558, 7103.395, 8487.008
NVIDIA A40, 84, uint32_t, 32507904, 100, 391.637, 3.916, 3.834, 4.148, 8300.519, 8479.166
NVIDIA A40, 84, uint32_t, 32573440, 100, 388.102, 3.881, 3.827, 4.022, 8393.002, 8512.175
NVIDIA A40, 84, uint32_t, 32638976, 100, 389.732, 3.897, 3.832, 4.051, 8374.713, 8517.905
NVIDIA A40, 84, uint32_t, 32704512, 100, 386.082, 3.861, 3.836, 3.931, 8470.870, 8525.895
NVIDIA A40, 84, uint32_t, 32770048, 100, 387.133, 3.871, 3.841, 4.034, 8464.814, 8531.592
NVIDIA A40, 84, uint32_t, 32835584, 100, 389.015, 3.890, 3.834, 4.147, 8440.702, 8564.637
NVIDIA A40, 84, uint32_t, 32901120, 100, 399.067, 3.991, 3.854, 4.849, 8244.505, 8536.132
NVIDIA A40, 84, uint32_t, 32966656, 100, 393.709, 3.937, 3.865, 4.348, 8373.366, 8530.471
NVIDIA A40, 84, uint32_t, 33032192, 100, 392.621, 3.926, 3.881, 4.109, 8413.246, 8511.346
NVIDIA A40, 84, uint32_t, 33097728, 100, 409.294, 4.093, 3.948, 4.338, 8086.544, 8384.436
NVIDIA A40, 84, uint32_t, 33163264, 100, 395.290, 3.953, 3.890, 4.190, 8389.610, 8524.875
NVIDIA A40, 84, uint32_t, 33228800, 100, 396.913, 3.969, 3.887, 4.217, 8371.819, 8548.472
NVIDIA A40, 84, uint32_t, 33294336, 100, 394.746, 3.947, 3.881, 5.926, 8434.379, 8578.892
NVIDIA A40, 84, uint32_t, 33359872, 100, 397.146, 3.971, 3.906, 4.311, 8399.894, 8541.689
NVIDIA A40, 84, uint32_t, 33425408, 100, 398.410, 3.984, 3.919, 4.241, 8389.707, 8529.396
NVIDIA A40, 84, uint32_t, 33490944, 100, 522.682, 5.227, 3.914, 24.879, 6407.512, 8557.300
NVIDIA A40, 84, uint32_t, 33556480, 100, 491.703, 4.917, 4.888, 5.144, 6824.536, 6865.703
NVIDIA A40, 84, uint32_t, 33622016, 100, 507.116, 5.071, 4.967, 5.144, 6630.050, 6768.501
NVIDIA A40, 84, uint32_t, 33687552, 100, 496.397, 4.964, 4.913, 5.162, 6786.409, 6856.607
NVIDIA A40, 84, uint32_t, 33753088, 100, 503.290, 5.033, 4.924, 5.908, 6706.490, 6854.232
NVIDIA A40, 84, uint32_t, 33818624, 100, 515.802, 5.158, 4.999, 5.795, 6556.507, 6764.851
NVIDIA A40, 84, uint32_t, 33884160, 100, 507.936, 5.079, 4.931, 7.261, 6670.955, 6872.274
NVIDIA A40, 84, uint32_t, 33949696, 100, 499.869, 4.999, 4.926, 5.261, 6791.721, 6891.291
NVIDIA A40, 84, uint32_t, 34015232, 100, 498.609, 4.986, 4.935, 5.121, 6822.025, 6893.131
NVIDIA A40, 84, uint32_t, 34080768, 100, 504.121, 5.041, 4.955, 7.204, 6760.428, 6877.868
NVIDIA A40, 84, uint32_t, 34146304, 100, 501.234, 5.012, 4.961, 6.260, 6812.449, 6882.560
NVIDIA A40, 84, uint32_t, 34211840, 100, 496.641, 4.966, 4.943, 5.009, 6888.641, 6921.394
NVIDIA A40, 84, uint32_t, 34277376, 100, 505.954, 5.060, 4.950, 6.039, 6774.803, 6924.745
NVIDIA A40, 84, uint32_t, 34342912, 100, 505.247, 5.052, 4.970, 5.442, 6797.253, 6909.353
NVIDIA A40, 84, uint32_t, 34408448, 100, 504.418, 5.044, 4.966, 5.541, 6821.422, 6928.247
NVIDIA A40, 84, uint32_t, 34473984, 100, 523.461, 5.235, 4.994, 12.822, 6585.782, 6903.014
NVIDIA A40, 84, uint32_t, 34539520, 100, 506.887, 5.069, 4.988, 5.289, 6814.045, 6924.656
NVIDIA A40, 84, uint32_t, 34605056, 100, 510.609, 5.106, 4.996, 9.353, 6777.218, 6926.419
NVIDIA A40, 84, uint32_t, 34670592, 100, 501.704, 5.017, 4.985, 5.140, 6910.569, 6955.218
NVIDIA A40, 84, uint32_t, 34736128, 100, 518.069, 5.181, 4.992, 5.761, 6704.922, 6958.359
NVIDIA A40, 84, uint32_t, 34801664, 100, 503.511, 5.035, 4.991, 5.198, 6911.796, 6972.918
NVIDIA A40, 84, uint32_t, 34867200, 100, 503.901, 5.039, 5.004, 5.221, 6919.451, 6967.464
NVIDIA A40, 84, uint32_t, 34932736, 100, 506.899, 5.069, 5.015, 5.602, 6891.465, 6966.306
NVIDIA A40, 84, uint32_t, 34998272, 100, 506.831, 5.068, 5.020, 5.454, 6905.316, 6972.256
NVIDIA A40, 84, uint32_t, 35063808, 100, 512.195, 5.122, 5.052, 6.120, 6845.794, 6940.008
NVIDIA A40, 84, uint32_t, 35129344, 100, 524.392, 5.244, 5.119, 5.510, 6699.067, 6862.572
NVIDIA A40, 84, uint32_t, 35194880, 100, 512.611, 5.126, 5.044, 5.389, 6865.802, 6977.264
NVIDIA A40, 84, uint32_t, 35260416, 100, 512.016, 5.120, 5.039, 5.467, 6886.579, 6997.358
NVIDIA A40, 84, uint32_t, 35325952, 100, 512.668, 5.127, 5.050, 5.467, 6890.614, 6994.729
NVIDIA A40, 84, uint32_t, 35391488, 100, 511.597, 5.116, 5.051, 5.518, 6917.850, 7006.284
NVIDIA A40, 84, uint32_t, 35457024, 100, 506.921, 5.069, 5.050, 5.128, 6994.582, 7020.681
NVIDIA A40, 84, uint32_t, 35522560, 100, 507.430, 5.074, 5.058, 5.102, 7000.485, 7023.689
NVIDIA A40, 84, uint32_t, 35588096, 100, 522.856, 5.229, 5.090, 5.307, 6806.476, 6991.350
NVIDIA A40, 84, uint32_t, 35653632, 100, 510.112, 5.101, 5.062, 5.219, 6989.378, 7043.900
NVIDIA A40, 84, uint32_t, 35719168, 100, 523.465, 5.235, 5.071, 7.190, 6823.603, 7044.023
NVIDIA A40, 84, uint32_t, 35784704, 100, 529.657, 5.297, 5.083, 5.762, 6756.204, 7039.799
NVIDIA A40, 84, uint32_t, 35850240, 100, 523.104, 5.231, 5.083, 6.566, 6853.364, 7052.780
NVIDIA A40, 84, uint32_t, 35915776, 100, 514.110, 5.141, 5.086, 5.319, 6986.016, 7061.405
NVIDIA A40, 84, uint32_t, 35981312, 100, 547.284, 5.473, 5.096, 19.708, 6574.524, 7060.076
NVIDIA A40, 84, uint32_t, 36046848, 100, 513.594, 5.136, 5.081, 5.297, 7018.544, 7094.317
NVIDIA A40, 84, uint32_t, 36112384, 100, 513.993, 5.140, 5.100, 6.517, 7025.853, 7081.526
NVIDIA A40, 84, uint32_t, 36177920, 100, 512.135, 5.121, 5.089, 5.206, 7064.136, 7108.652
NVIDIA A40, 84, uint32_t, 36243456, 100, 530.975, 5.310, 5.123, 6.524, 6825.834, 7074.555
NVIDIA A40, 84, uint32_t, 36308992, 100, 522.274, 5.223, 5.123, 7.677, 6952.098, 7087.347
NVIDIA A40, 84, uint32_t, 36374528, 100, 522.586, 5.226, 5.128, 5.467, 6960.483, 7093.051
NVIDIA A40, 84, uint32_t, 36440064, 100, 520.399, 5.204, 5.138, 5.465, 7002.333, 7091.670
NVIDIA A40, 84, uint32_t, 36505600, 100, 520.729, 5.207, 5.150, 5.458, 7010.483, 7088.885
NVIDIA A40, 84, uint32_t, 36571136, 100, 527.475, 5.275, 5.132, 13.824, 6933.249, 7125.698
NVIDIA A40, 84, uint32_t, 36636672, 100, 525.520, 5.255, 5.146, 5.576, 6971.509, 7120.000
NVIDIA A40, 84, uint32_t, 36702208, 100, 524.797, 5.248, 5.150, 8.209, 6993.603, 7127.063
NVIDIA A40, 84, uint32_t, 36767744, 100, 520.493, 5.205, 5.154, 5.347, 7064.021, 7134.115
NVIDIA A40, 84, uint32_t, 36833280, 100, 523.641, 5.236, 5.154, 7.076, 7034.073, 7146.831
NVIDIA A40, 84, uint32_t, 36898816, 100, 525.882, 5.259, 5.165, 10.526, 7016.552, 7143.933
NVIDIA A40, 84, uint32_t, 36964352, 100, 523.515, 5.235, 5.187, 5.442, 7060.801, 7126.949
NVIDIA A40, 84, uint32_t, 37029888, 100, 530.599, 5.306, 5.176, 6.109, 6978.885, 7153.709
NVIDIA A40, 84, uint32_t, 37095424, 100, 546.165, 5.462, 5.230, 9.433, 6791.981, 7093.488
NVIDIA A40, 84, uint32_t, 37160960, 100, 533.954, 5.340, 5.239, 5.747, 6959.587, 7093.433
NVIDIA A40, 84, uint32_t, 37226496, 100, 536.882, 5.369, 5.279, 5.646, 6933.832, 7052.182
NVIDIA A40, 84, uint32_t, 37292032, 100, 535.166, 5.352, 5.284, 5.680, 6968.311, 7057.752
NVIDIA A40, 84, uint32_t, 37357568, 100, 529.013, 5.290, 5.250, 5.413, 7061.749, 7115.662
NVIDIA A40, 84, uint32_t, 37423104, 100, 526.011, 5.260, 5.235, 5.363, 7114.515, 7149.061
NVIDIA A40, 84, uint32_t, 37488640, 100, 535.706, 5.357, 5.266, 5.452, 6997.990, 7118.370
NVIDIA A40, 84, uint32_t, 37554176, 100, 539.720, 5.397, 5.236, 7.540, 6958.088, 7172.697
NVIDIA A40, 84, uint32_t, 37619712, 100, 534.693, 5.347, 5.226, 10.259, 7035.759, 7197.884
NVIDIA A40, 84, uint32_t, 37685248, 100, 556.888, 5.569, 5.279, 6.406, 6767.114, 7139.088
NVIDIA A40, 84, uint32_t, 37750784, 100, 573.645, 5.736, 5.648, 6.180, 6580.864, 6683.466
NVIDIA A40, 84, uint32_t, 37816320, 100, 530.122, 5.301, 5.235, 5.605, 7133.514, 7224.179
NVIDIA A40, 84, uint32_t, 37881856, 100, 530.669, 5.307, 5.256, 5.471, 7138.512, 7207.091
NVIDIA A40, 84, uint32_t, 37947392, 100, 529.912, 5.299, 5.267, 5.494, 7161.075, 7204.121
NVIDIA A40, 84, uint32_t, 38012928, 100, 535.772, 5.358, 5.248, 10.235, 7094.980, 7243.273
NVIDIA A40, 84, uint32_t, 38078464, 100, 534.513, 5.345, 5.287, 5.608, 7123.956, 7202.402
NVIDIA A40, 84, uint32_t, 38144000, 100, 537.489, 5.375, 5.322, 5.624, 7096.701, 7167.596
NVIDIA A40, 84, uint32_t, 38209536, 100, 558.352, 5.584, 5.393, 15.692, 6843.268, 7084.489
NVIDIA A40, 84, uint32_t, 38275072, 100, 559.474, 5.595, 5.436, 10.103, 6841.262, 7040.497
NVIDIA A40, 84, uint32_t, 38340608, 100, 550.362, 5.504, 5.398, 5.783, 6966.432, 7103.396
NVIDIA A40, 84, uint32_t, 38406144, 100, 552.117, 5.521, 5.329, 8.315, 6956.155, 7207.148
NVIDIA A40, 84, uint32_t, 38471680, 100, 538.111, 5.381, 5.307, 5.744, 7149.400, 7248.698
NVIDIA A40, 84, uint32_t, 38537216, 100, 533.523, 5.335, 5.298, 5.470, 7223.153, 7273.632
NVIDIA A40, 84, uint32_t, 38602752, 100, 537.351, 5.374, 5.286, 9.485, 7183.894, 7302.983
NVIDIA A40, 84, uint32_t, 38668288, 100, 544.818, 5.448, 5.310, 5.669, 7097.470, 7281.527
NVIDIA A40, 84, uint32_t, 38733824, 100, 538.412, 5.384, 5.323, 5.574, 7194.084, 7277.030
NVIDIA A40, 84, uint32_t, 38799360, 100, 611.315, 6.113, 5.308, 23.514, 6346.864, 7309.028
NVIDIA A40, 84, uint32_t, 38864896, 100, 547.023, 5.470, 5.175, 6.963, 7104.805, 7509.696
NVIDIA A40, 84, uint32_t, 38930432, 100, 544.130, 5.441, 5.363, 5.758, 7154.617, 7259.500
NVIDIA A40, 84, uint32_t, 38995968, 100, 541.610, 5.416, 5.353, 5.749, 7200.007, 7284.238
NVIDIA A40, 84, uint32_t, 39061504, 100, 539.848, 5.398, 5.347, 5.540, 7235.652, 7304.864
NVIDIA A40, 84, uint32_t, 39127040, 100, 550.922, 5.509, 5.370, 13.990, 7102.098, 7286.423
NVIDIA A40, 84, uint32_t, 39192576, 100, 543.405, 5.434, 5.399, 5.533, 7212.403, 7259.863
NVIDIA A40, 84, uint32_t, 39258112, 100, 563.492, 5.635, 5.455, 6.011, 6966.934, 7196.922
NVIDIA A40, 84, uint32_t, 39323648, 100, 549.836, 5.498, 5.378, 9.441, 7151.888, 7311.881
NVIDIA A40, 84, uint32_t, 39389184, 100, 549.889, 5.499, 5.377, 11.314, 7163.113, 7325.462
NVIDIA A40, 84, uint32_t, 39454720, 100, 549.789, 5.498, 5.389, 5.777, 7176.345, 7320.920
NVIDIA A40, 84, uint32_t, 39520256, 100, 552.865, 5.529, 5.402, 8.134, 7148.267, 7316.398
NVIDIA A40, 84, uint32_t, 39585792, 100, 546.503, 5.465, 5.385, 5.744, 7243.476, 7350.871
NVIDIA A40, 84, uint32_t, 39651328, 100, 552.588, 5.526, 5.400, 7.300, 7175.565, 7343.404
NVIDIA A40, 84, uint32_t, 39716864, 100, 546.850, 5.468, 5.381, 5.645, 7262.846, 7380.605
NVIDIA A40, 84, uint32_t, 39782400, 100, 543.890, 5.439, 5.403, 5.524, 7314.414, 7363.533
NVIDIA A40, 84, uint32_t, 39847936, 100, 558.966, 5.590, 5.492, 5.746, 7128.870, 7256.013
NVIDIA A40, 84, uint32_t, 39913472, 100, 547.064, 5.471, 5.410, 5.637, 7295.947, 7378.049
NVIDIA A40, 84, uint32_t, 39979008, 100, 558.296, 5.583, 5.434, 7.226, 7160.896, 7356.699
NVIDIA A40, 84, uint32_t, 40044544, 100, 551.907, 5.519, 5.420, 5.951, 7255.673, 7388.249
NVIDIA A40, 84, uint32_t, 40110080, 100, 551.512, 5.515, 5.444, 5.943, 7272.742, 7368.322
NVIDIA A40, 84, uint32_t, 40175616, 100, 552.814, 5.528, 5.454, 5.794, 7267.468, 7366.504
NVIDIA A40, 84, uint32_t, 40241152, 100, 553.442, 5.534, 5.463, 5.716, 7271.065, 7366.073
NVIDIA A40, 84, uint32_t, 40306688, 100, 549.865, 5.499, 5.465, 5.647, 7330.293, 7375.305
NVIDIA A40, 84, uint32_t, 40372224, 100, 547.786, 5.478, 5.425, 5.567, 7370.066, 7441.676
NVIDIA A40, 84, uint32_t, 40437760, 100, 630.009, 6.300, 5.528, 22.670, 6418.601, 7315.672
NVIDIA A40, 84, uint32_t, 40503296, 100, 552.485, 5.525, 5.470, 5.857, 7331.113, 7404.343
NVIDIA A40, 84, uint32_t, 40568832, 100, 576.339, 5.763, 5.556, 6.373, 7039.057, 7301.511
NVIDIA A40, 84, uint32_t, 40634368, 100, 558.672, 5.587, 5.484, 5.933, 7273.391, 7410.271
NVIDIA A40, 84, uint32_t, 40699904, 100, 556.933, 5.569, 5.506, 5.808, 7307.860, 7391.854
NVIDIA A40, 84, uint32_t, 40765440, 100, 555.969, 5.560, 5.504, 5.786, 7332.328, 7406.511
NVIDIA A40, 84, uint32_t, 40830976, 100, 551.036, 5.510, 5.476, 5.565, 7409.850, 7455.871
NVIDIA A40, 84, uint32_t, 40896512, 100, 552.772, 5.528, 5.485, 5.661, 7398.445, 7456.684
NVIDIA A40, 84, uint32_t, 40962048, 100, 558.486, 5.585, 5.495, 9.676, 7334.475, 7454.715
NVIDIA A40, 84, uint32_t, 41027584, 100, 690.675, 6.907, 5.497, 30.971, 5940.215, 7463.860
NVIDIA A40, 84, uint32_t, 41093120, 100, 559.584, 5.596, 5.513, 5.793, 7343.511, 7453.566
NVIDIA A40, 84, uint32_t, 41158656, 100, 562.666, 5.627, 5.527, 5.937, 7314.931, 7447.471
NVIDIA A40, 84, uint32_t, 41224192, 100, 561.735, 5.617, 5.536, 5.940, 7338.721, 7446.911
NVIDIA A40, 84, uint32_t, 41289728, 100, 565.277, 5.653, 5.534, 7.555, 7304.339, 7461.510
NVIDIA A40, 84, uint32_t, 41355264, 100, 560.847, 5.608, 5.548, 5.825, 7373.716, 7454.042
NVIDIA A40, 84, uint32_t, 41420800, 100, 562.394, 5.624, 5.556, 5.828, 7365.092, 7454.847
NVIDIA A40, 84, uint32_t, 41486336, 100, 558.111, 5.581, 5.541, 5.749, 7433.354, 7487.211
NVIDIA A40, 84, uint32_t, 41551872, 100, 567.419, 5.674, 5.542, 13.142, 7322.962, 7497.782
NVIDIA A40, 84, uint32_t, 41617408, 100, 560.039, 5.600, 5.545, 5.748, 7431.162, 7505.448
NVIDIA A40, 84, uint32_t, 41682944, 100, 579.449, 5.794, 5.639, 5.974, 7193.548, 7391.684
NVIDIA A40, 84, uint32_t, 41748480, 100, 573.273, 5.733, 5.559, 10.732, 7282.476, 7509.670
NVIDIA A40, 84, uint32_t, 41814016, 100, 599.884, 5.999, 5.572, 20.421, 6970.346, 7504.870
NVIDIA A40, 84, uint32_t, 41879552, 100, 565.322, 5.653, 5.579, 6.043, 7408.089, 7506.975
NVIDIA A40, 84, uint32_t, 41945088, 100, 560.675, 5.607, 5.578, 5.694, 7481.178, 7520.103
NVIDIA A40, 84, uint32_t, 42010624, 100, 561.811, 5.618, 5.592, 5.715, 7477.720, 7512.544
NVIDIA A40, 84, uint32_t, 42076160, 100, 573.367, 5.734, 5.590, 13.466, 7338.434, 7527.020
NVIDIA A40, 84, uint32_t, 42141696, 100, 574.151, 5.742, 5.598, 5.997, 7339.834, 7527.712
NVIDIA A40, 84, uint32_t, 42207232, 100, 575.128, 5.751, 5.612, 6.595, 7338.761, 7521.533
NVIDIA A40, 84, uint32_t, 42272768, 100, 576.438, 5.764, 5.609, 6.284, 7333.447, 7535.962
NVIDIA A40, 84, uint32_t, 42338304, 100, 582.838, 5.828, 5.630, 12.002, 7264.159, 7520.189
NVIDIA A40, 84, uint32_t, 42403840, 100, 568.255, 5.683, 5.615, 5.893, 7462.120, 7552.435
NVIDIA A40, 84, uint32_t, 42469376, 100, 565.547, 5.655, 5.612, 6.628, 7509.434, 7568.248
NVIDIA A40, 84, uint32_t, 42534912, 100, 570.635, 5.706, 5.636, 7.753, 7453.960, 7546.875
NVIDIA A40, 84, uint32_t, 42600448, 100, 689.210, 6.892, 5.636, 30.160, 6181.058, 7558.503
NVIDIA A40, 84, uint32_t, 42665984, 100, 589.777, 5.898, 5.672, 6.273, 7234.258, 7522.296
NVIDIA A40, 84, uint32_t, 42731520, 100, 573.761, 5.738, 5.657, 6.440, 7447.616, 7554.308
NVIDIA A40, 84, uint32_t, 42797056, 100, 576.127, 5.761, 5.670, 6.145, 7428.406, 7548.131
NVIDIA A40, 84, uint32_t, 42862592, 100, 576.232, 5.762, 5.676, 6.058, 7438.430, 7551.464
NVIDIA A40, 84, uint32_t, 42928128, 100, 572.114, 5.721, 5.670, 5.897, 7503.420, 7571.248
NVIDIA A40, 84, uint32_t, 42993664, 100, 575.175, 5.752, 5.676, 5.990, 7.648, 7574.599
NVIDIA A40, 84, uint32_t, 43059200, 100, 570.148, 5.701, 5.660, 5.800, 19.210, 7608.106
NVIDIA A40, 84, uint32_t, 43124736, 100, 571.970, 5.720, 5.677, 5.914, 30.607, 7596.321
NVIDIA A40, 84, uint32_t, 43190272, 100, 586.460, 5.865, 5.705, 6.137, 41.026, 7570.993
NVIDIA A40, 84, uint32_t, 43255808, 100, 576.050, 5.761, 5.705, 5.971, 53.144, 7582.481
NVIDIA A40, 84, uint32_t, 43321344, 100, 587.680, 5.877, 5.734, 6.220, 63.244, 7554.643
NVIDIA A40, 84, uint32_t, 43386880, 100, 579.500, 5.795, 5.703, 6.052, 75.446, 7608.188
NVIDIA A40, 84, uint32_t, 43452416, 100, 580.479, 5.805, 5.734, 6.121, 86.608, 7577.457
NVIDIA A40, 84, uint32_t, 43517952, 100, 579.309, 5.793, 5.713, 6.239, 98.096, 7617.494
NVIDIA A40, 84, uint32_t, 43583488, 100, 580.440, 5.804, 5.711, 7.421, 109.196, 7631.702
NVIDIA A40, 84, uint32_t, 43649024, 100, 576.820, 5.768, 5.734, 5.968, 121.242, 7611.786
NVIDIA A40, 84, uint32_t, 43714560, 100, 596.208, 5.962, 5.835, 7.196, 128.292, 7492.102
NVIDIA A40, 84, uint32_t, 43780096, 100, 594.269, 5.943, 5.853, 6.234, 139.739, 7479.706
NVIDIA A40, 84, uint32_t, 43845632, 100, 632.156, 6.322, 5.879, 14.642, 141.731, 7458.282
NVIDIA A40, 84, uint32_t, 43911168, 100, 586.705, 5.867, 5.754, 6.259, 163.881, 7631.607
NVIDIA A40, 84, uint32_t, 43976704, 100, 582.177, 5.822, 5.750, 6.136, 176.412, 7648.441
NVIDIA A40, 84, uint32_t, 44042240, 100, 633.979, 6.340, 6.248, 8.456, 172.335, 7048.473
NVIDIA A40, 84, uint32_t, 44107776, 100, 662.027, 6.620, 5.559, 32.820, 174.933, 7934.058
NVIDIA A40, 84, uint32_t, 44173312, 100, 584.221, 5.842, 5.783, 6.064, 209.448, 7639.101
NVIDIA A40, 84, uint32_t, 44238848, 100, 604.693, 6.047, 5.861, 6.978, 213.195, 7547.519
NVIDIA A40, 84, uint32_t, 44304384, 100, 648.303, 6.483, 5.803, 19.466, 208.963, 7634.727
NVIDIA A40, 84, uint32_t, 44369920, 100, 603.502, 6.035, 5.829, 6.918, 235.334, 7612.438
NVIDIA A40, 84, uint32_t, 44435456, 100, 590.208, 5.902, 5.804, 6.142, 251.739, 7655.964
NVIDIA A40, 84, uint32_t, 44500992, 100, 586.385, 5.864, 5.802, 6.005, 264.556, 7669.961
NVIDIA A40, 84, uint32_t, 44566528, 100, 590.884, 5.909, 5.787, 6.688, 273.633, 7701.646
NVIDIA A40, 84, uint32_t, 44632064, 100, 588.019, 5.880, 5.830, 6.181, 286.112, 7656.069
NVIDIA A40, 84, uint32_t, 44697600, 100, 594.020, 5.940, 5.810, 8.180, 294.254, 7692.986
NVIDIA A40, 84, uint32_t, 44763136, 100, 599.356, 5.994, 5.833, 6.198, 302.568, 7674.508
NVIDIA A40, 84, uint32_t, 44828672, 100, 605.535, 6.055, 5.865, 16.857, 310.304, 7642.807
NVIDIA A40, 84, uint32_t, 44894208, 100, 599.742, 5.997, 5.844, 6.282, 324.228, 7682.145
NVIDIA A40, 84, uint32_t, 44959744, 100, 602.775, 6.028, 5.859, 6.582, 333.470, 7673.191
NVIDIA A40, 84, uint32_t, 45025280, 100, 598.903, 5.989, 5.900, 6.241, 346.568, 7631.197
NVIDIA A40, 84, uint32_t, 45090816, 100, 607.682, 6.077, 5.908, 14.574, 352.346, 7631.542
NVIDIA A40, 84, uint32_t, 45156352, 100, 589.726, 5.897, 5.848, 6.133, 374.187, 7721.590
NVIDIA A40, 84, uint32_t, 45221888, 100, 587.417, 5.874, 5.846, 6.064, 386.815, 7735.505
NVIDIA A40, 84, uint32_t, 45287424, 100, 592.865, 5.929, 5.856, 6.120, 394.314, 7733.170
NVIDIA A40, 84, uint32_t, 45352960, 100, 595.423, 5.954, 5.867, 6.228, 403.627, 7729.536
NVIDIA A40, 84, uint32_t, 45418496, 100, 621.291, 6.213, 5.983, 6.802, 397.370, 7590.964
NVIDIA A40, 84, uint32_t, 45484032, 100, 606.345, 6.063, 5.866, 14.442, 417.973, 7753.185
NVIDIA A40, 84, uint32_t, 45549568, 100, 595.578, 5.956, 5.886, 6.280, 436.533, 7738.692
NVIDIA A40, 84, uint32_t, 45615104, 100, 596.092, 5.961, 5.898, 6.097, 447.151, 7733.680
NVIDIA A40, 84, uint32_t, 45680640, 100, 595.968, 5.960, 5.880, 9.248, 458.240, 7769.070
NVIDIA A40, 84, uint32_t, 45746176, 100, 591.821, 5.918, 5.894, 5.959, 472.525, 7761.292
NVIDIA A40, 84, uint32_t, 45811712, 100, 635.887, 6.359, 5.912, 16.014, 450.086, 7749.524
NVIDIA A40, 84, uint32_t, 45877248, 100, 599.404, 5.994, 5.921, 6.230, 488.415, 7748.530
NVIDIA A40, 84, uint32_t, 45942784, 100, 614.277, 6.143, 5.927, 7.280, 487.257, 7751.555
NVIDIA A40, 84, uint32_t, 46008320, 100, 602.359, 6.024, 5.945, 6.203, 507.778, 7738.546
NVIDIA A40, 84, uint32_t, 46073856, 100, 600.039, 6.000, 5.942, 6.156, 520.663, 7753.575
NVIDIA A40, 84, uint32_t, 46139392, 100, 600.894, 6.009, 5.949, 6.164, 530.829, 7755.375
NVIDIA A40, 84, uint32_t, 46204928, 100, 596.105, 5.961, 5.917, 6.160, 546.087, 7809.276
NVIDIA A40, 84, uint32_t, 46270464, 100, 599.283, 5.993, 5.947, 6.143, 554.128, 7779.959
NVIDIA A40, 84, uint32_t, 46336000, 100, 613.247, 6.132, 5.953, 11.350, 552.196, 7784.277
NVIDIA A40, 84, uint32_t, 46401536, 100, 604.583, 6.046, 5.970, 8.702, 570.949, 7772.556
NVIDIA A40, 84, uint32_t, 46467072, 100, 621.150, 6.212, 6.026, 6.471, 566.272, 7710.790
NVIDIA A40, 84, uint32_t, 46532608, 100, 616.471, 6.165, 5.963, 14.673, 581.201, 7803.965
NVIDIA A40, 84, uint32_t, 46598144, 100, 606.214, 6.062, 5.947, 6.351, 601.845, 7835.055
NVIDIA A40, 84, uint32_t, 46663680, 100, 605.242, 6.052, 5.981, 6.234, 613.640, 7801.746
NVIDIA A40, 84, uint32_t, 46729216, 100, 600.724, 6.007, 5.979, 6.096, 629.165, 7815.379
NVIDIA A40, 84, uint32_t, 46794752, 100, 605.368, 6.054, 5.969, 7.081, 635.163, 7839.767
NVIDIA A40, 84, uint32_t, 46860288, 100, 604.694, 6.047, 5.997, 6.229, 646.710, 7814.549
NVIDIA A40, 84, uint32_t, 46925824, 100, 615.096, 6.151, 5.992, 8.829, 646.427, 7830.827
NVIDIA A40, 84, uint32_t, 46991360, 100, 624.624, 6.246, 6.032, 7.129, 647.059, 7789.849
NVIDIA A40, 84, uint32_t, 47056896, 100, 607.606, 6.076, 6.004, 6.463, 675.968, 7837.967
NVIDIA A40, 84, uint32_t, 47122432, 100, 613.483, 6.135, 6.020, 10.040, 680.175, 7827.522
NVIDIA A40, 84, uint32_t, 47187968, 100, 609.535, 6.095, 6.050, 6.242, 695.332, 7799.933
NVIDIA A40, 84, uint32_t, 47253504, 100, 612.090, 6.121, 6.002, 11.336, 703.137, 7873.400
NVIDIA A40, 84, uint32_t, 47319040, 100, 618.071, 6.181, 6.061, 6.435, 706.936, 7807.103
NVIDIA A40, 84, uint32_t, 47384576, 100, 612.755, 6.128, 6.012, 6.425, 723.764, 7881.792
NVIDIA A40, 84, uint32_t, 47450112, 100, 611.964, 6.120, 6.034, 6.459, 735.409, 7863.228
NVIDIA A40, 84, uint32_t, 47515648, 100, 627.771, 6.278, 6.124, 7.212, 727.331, 7759.532
NVIDIA A40, 84, uint32_t, 47581184, 100, 617.255, 6.173, 6.066, 7.921, 750.340, 7843.687
NVIDIA A40, 84, uint32_t, 47646720, 100, 615.872, 6.159, 6.029, 6.455, 762.667, 7902.513
NVIDIA A40, 84, uint32_t, 47712256, 100, 622.139, 6.221, 6.061, 8.471, 765.517, 7871.938
NVIDIA A40, 84, uint32_t, 47777792, 100, 610.594, 6.106, 6.068, 6.294, 790.725, 7873.439
NVIDIA A40, 84, uint32_t, 47843328, 100, 614.606, 6.146, 6.085, 6.356, 796.227, 7862.968
NVIDIA A40, 84, uint32_t, 47908864, 100, 620.142, 6.201, 6.105, 10.076, 799.686, 7847.366
NVIDIA A40, 84, uint32_t, 47974400, 100, 615.920, 6.159, 6.103, 6.413, 815.809, 7860.738
NVIDIA A40, 84, uint32_t, 48039936, 100, 615.509, 6.155, 6.094, 6.354, 827.001, 7883.381
NVIDIA A40, 84, uint32_t, 48105472, 100, 621.375, 6.214, 6.126, 6.662, 829.741, 7853.226
NVIDIA A40, 84, uint32_t, 48171008, 100, 617.180, 6.172, 6.095, 6.433, 845.999, 7903.562
NVIDIA A40, 84, uint32_t, 48236544, 100, 615.457, 6.155, 6.121, 6.393, 859.016, 7879.893
NVIDIA A40, 84, uint32_t, 48302080, 100, 622.488, 6.225, 6.135, 6.661, 859.842, 7873.477
NVIDIA A40, 84, uint32_t, 48367616, 100, 624.256, 6.243, 6.136, 8.735, 867.904, 7882.844
NVIDIA A40, 84, uint32_t, 48433152, 100, 709.716, 7.097, 6.135, 23.245, 772.630, 7894.842
NVIDIA A40, 84, uint32_t, 48498688, 100, 638.364, 6.384, 6.211, 6.782, 869.256, 7809.069
NVIDIA A40, 84, uint32_t, 48564224, 100, 619.358, 6.194, 6.121, 6.410, 906.511, 7933.423
NVIDIA A40, 84, uint32_t, 48629760, 100, 626.691, 6.267, 6.149, 8.109, 906.362, 7908.410
NVIDIA A40, 84, uint32_t, 48695296, 100, 618.006, 6.180, 6.125, 6.371, 929.703, 7950.844
NVIDIA A40, 84, uint32_t, 48760832, 100, 617.353, 6.174, 6.134, 6.304, 941.302, 7949.583
NVIDIA A40, 84, uint32_t, 48826368, 100, 628.047, 6.280, 6.140, 6.926, 935.710, 7952.302
NVIDIA A40, 84, uint32_t, 48891904, 100, 628.571, 6.286, 6.167, 12.419, 945.355, 7928.595
NVIDIA A40, 84, uint32_t, 48957440, 100, 645.906, 6.459, 6.167, 9.595, 930.130, 7939.223
NVIDIA A40, 84, uint32_t, 49022976, 100, 622.819, 6.228, 6.177, 6.360, 975.131, 7936.671
NVIDIA A40, 84, uint32_t, 49088512, 100, 636.218, 6.362, 6.149, 8.882, 964.895, 7983.139
NVIDIA A40, 84, uint32_t, 49154048, 100, 623.946, 6.239, 6.176, 6.529, 994.378, 7959.211
NVIDIA A40, 84, uint32_t, 49219584, 100, 622.059, 6.221, 6.190, 6.339, 1007.928, 7951.365
NVIDIA A40, 84, uint32_t, 49285120, 100, 717.283, 7.173, 6.187, 25.989, 883.256, 7965.905
NVIDIA A40, 84, uint32_t, 49350656, 100, 633.058, 6.331, 6.210, 9.379, 1011.121, 7947.559
NVIDIA A40, 84, uint32_t, 49416192, 100, 640.188, 6.402, 6.234, 9.582, 1010.097, 7926.741
NVIDIA A40, 84, uint32_t, 49481728, 100, 635.146, 6.351, 6.263, 6.586, 1028.433, 7900.916
NVIDIA A40, 84, uint32_t, 49547264, 100, 650.897, 6.509, 6.263, 14.586, 1013.615, 7911.380
NVIDIA A40, 84, uint32_t, 49612800, 100, 631.749, 6.317, 6.235, 6.774, 1054.710, 7956.972
NVIDIA A40, 84, uint32_t, 49678336, 100, 627.268, 6.273, 6.239, 6.422, 1072.694, 7962.252
NVIDIA A40, 84, uint32_t, 49743872, 100, 629.310, 6.293, 6.221, 6.524, 1079.627, 7996.502
NVIDIA A40, 84, uint32_t, 49809408, 100, 631.109, 6.311, 6.234, 6.463, 1086.934, 7989.816
NVIDIA A40, 84, uint32_t, 49874944, 100, 639.162, 6.392, 6.265, 9.588, 1083.491, 7961.098
NVIDIA A40, 84, uint32_t, 49940480, 100, 637.683, 6.377, 6.262, 7.135, 1096.283, 7975.470
NVIDIA A40, 84, uint32_t, 50006016, 100, 634.484, 6.345, 6.259, 6.653, 1112.139, 7989.856
NVIDIA A40, 84, uint32_t, 50071552, 100, 640.534, 6.405, 6.307, 6.705, 1111.867, 7939.276
NVIDIA A40, 84, uint32_t, 50137088, 100, 629.962, 6.300, 6.258, 6.627, 1140.928, 8012.109
NVIDIA A40, 84, uint32_t, 50202624, 100, 643.771, 6.438, 6.288, 6.618, 1126.635, 7983.390
NVIDIA A40, 84, uint32_t, 50268160, 100, 630.227, 6.302, 6.227, 6.569, 1161.245, 8072.685
NVIDIA A40, 84, uint32_t, 50333696, 100, 696.047, 6.960, 6.870, 7.124, 1060.852, 7326.576
NVIDIA A40, 84, uint32_t, 50399232, 100, 630.592, 6.306, 6.237, 6.834, 1181.360, 8080.446
NVIDIA A40, 84, uint32_t, 50464768, 100, 638.737, 6.387, 6.296, 7.378, 1176.556, 8015.940
NVIDIA A40, 84, uint32_t, 50530304, 100, 641.867, 6.419, 6.288, 10.143, 1181.028, 8035.499
NVIDIA A40, 84, uint32_t, 50595840, 100, 637.118, 6.371, 6.333, 6.515, 1200.119, 7988.683
NVIDIA A40, 84, uint32_t, 50661376, 100, 660.880, 6.609, 6.390, 12.249, 1166.883, 7928.446
NVIDIA A40, 84, uint32_t, 50726912, 100, 637.761, 6.378, 6.305, 6.581, 1219.460, 8045.801
NVIDIA A40, 84, uint32_t, 50792448, 100, 637.537, 6.375, 6.317, 6.614, 1230.169, 8040.525
NVIDIA A40, 84, uint32_t, 50857984, 100, 651.792, 6.518, 6.322, 10.051, 1213.318, 8044.380
NVIDIA A40, 84, uint32_t, 50923520, 100, 641.931, 6.419, 6.356, 6.687, 1242.165, 8011.922
NVIDIA A40, 84, uint32_t, 50989056, 100, 640.229, 6.402, 6.328, 6.664, 1255.705, 8057.282
NVIDIA A40, 84, uint32_t, 51054592, 100, 642.135, 6.421, 6.369, 6.512, 1262.183, 8015.756
NVIDIA A40, 84, uint32_t, 51120128, 100, 666.598, 6.666, 6.516, 8.344, 1225.694, 7845.671
NVIDIA A40, 84, uint32_t, 51185664, 100, 650.113, 6.501, 6.430, 6.821, 1266.855, 7960.822
NVIDIA A40, 84, uint32_t, 51251200, 100, 663.765, 6.638, 6.504, 6.898, 1250.673, 7879.408
NVIDIA A40, 84, uint32_t, 51316736, 100, 648.111, 6.481, 6.365, 10.862, 1290.992, 8062.098
NVIDIA A40, 84, uint32_t, 51382272, 100, 643.572, 6.436, 6.374, 6.855, 1310.281, 8060.723
NVIDIA A40, 84, uint32_t, 51447808, 100, 643.377, 6.434, 6.372, 6.676, 1320.863, 8073.598
NVIDIA A40, 84, uint32_t, 51513344, 100, 642.196, 6.422, 6.370, 8.350, 1333.497, 8086.481
NVIDIA A40, 84, uint32_t, 51578880, 100, 656.210, 6.562, 6.410, 6.767, 1315.007, 8046.326
NVIDIA A40, 84, uint32_t, 51644416, 100, 645.779, 6.458, 6.394, 6.761, 1346.395, 8077.194
NVIDIA A40, 84, uint32_t, 51709952, 100, 653.530, 6.535, 6.397, 7.013, 1340.455, 8083.560
NVIDIA A40, 84, uint32_t, 51775488, 100, 649.905, 6.499, 6.414, 7.617, 1358.016, 8071.839
NVIDIA A40, 84, uint32_t, 51841024, 100, 654.996, 6.550, 6.408, 10.786, 1357.466, 8089.805
NVIDIA A40, 84, uint32_t, 51906560, 100, 647.441, 6.474, 6.412, 6.671, 1383.428, 8094.858
NVIDIA A40, 84, uint32_t, 51972096, 100, 644.384, 6.444, 6.404, 6.568, 1400.163, 8115.446
NVIDIA A40, 84, uint32_t, 52037632, 100, 662.967, 6.630, 6.443, 6.906, 1370.800, 8076.605
NVIDIA A40, 84, uint32_t, 52103168, 100, 648.806, 6.488, 6.431, 6.819, 1410.821, 8102.229
NVIDIA A40, 84, uint32_t, 52168704, 100, 675.441, 6.754, 6.434, 18.200, 1364.891, 8108.547
NVIDIA A40, 84, uint32_t, 52234240, 100, 652.885, 6.529, 6.434, 6.858, 1422.083, 8118.733
NVIDIA A40, 84, uint32_t, 52299776, 100, 650.253, 6.503, 6.428, 6.827, 1437.917, 8136.689
NVIDIA A40, 84, uint32_t, 52365312, 100, 652.721, 6.527, 6.466, 6.689, 1442.521, 8099.145
NVIDIA A40, 84, uint32_t, 52430848, 100, 649.140, 6.491, 6.440, 6.566, 1460.574, 8141.517
NVIDIA A40, 84, uint32_t, 52496384, 100, 668.332, 6.683, 6.466, 7.525, 1428.439, 8119.417
NVIDIA A40, 84, uint32_t, 52561920, 100, 653.970, 6.540, 6.470, 6.766, 1469.831, 8124.406
NVIDIA A40, 84, uint32_t, 52627456, 100, 655.818, 6.558, 6.482, 8.493, 1475.682, 8119.116
NVIDIA A40, 84, uint32_t, 52692992, 100, 656.529, 6.565, 6.476, 9.211, 1484.065, 8136.938
NVIDIA A40, 84, uint32_t, 52758528, 100, 662.561, 6.626, 6.404, 7.776, 1480.446, 8238.247
NVIDIA A40, 84, uint32_t, 52824064, 100, 664.170, 6.642, 6.488, 9.346, 1486.727, 8141.730
NVIDIA A40, 84, uint32_t, 52889600, 100, 654.389, 6.544, 6.487, 7.205, 1518.963, 8153.118
NVIDIA A40, 84, uint32_t, 52955136, 100, 668.351, 6.684, 6.500, 9.916, 1497.038, 8146.503
NVIDIA A40, 84, uint32_t, 53020672, 100, 661.548, 6.615, 6.528, 8.490, 1522.338, 8122.039
NVIDIA A40, 84, uint32_t, 53086208, 100, 655.443, 6.554, 6.502, 6.655, 1546.517, 8164.095
NVIDIA A40, 84, uint32_t, 53151744, 100, 658.695, 6.587, 6.494, 6.988, 1548.832, 8184.565
NVIDIA A40, 84, uint32_t, 53217280, 100, 733.002, 7.330, 6.516, 27.868, 1400.761, 8167.531
NVIDIA A40, 84, uint32_t, 53282816, 100, 660.854, 6.609, 6.534, 6.917, 1563.605, 8154.521
NVIDIA A40, 84, uint32_t, 53348352, 100, 654.983, 6.550, 6.516, 6.597, 1587.626, 8187.648
NVIDIA A40, 84, uint32_t, 53413888, 100, 659.992, 6.600, 6.542, 6.749, 1585.506, 8164.345
NVIDIA A40, 84, uint32_t, 53479424, 100, 667.560, 6.676, 6.580, 7.374, 1577.349, 8127.295
NVIDIA A40, 84, uint32_t, 53544960, 100, 675.762, 6.758, 6.558, 9.422, 1567.902, 8165.209
NVIDIA A40, 84, uint32_t, 53610496, 100, 665.270, 6.653, 6.387, 9.601, 1602.480, 8394.099
NVIDIA A40, 84, uint32_t, 53676032, 100, 767.843, 7.678, 6.562, 33.766, 1396.946, 8180.088
NVIDIA A40, 84, uint32_t, 53741568, 100, 662.039, 6.620, 6.564, 6.765, 1630.100, 8187.520
NVIDIA A40, 84, uint32_t, 53807104, 100, 676.525, 6.765, 6.577, 7.196, 1604.882, 8180.833
NVIDIA A40, 84, uint32_t, 53872640, 100, 674.740, 6.747, 6.597, 12.273, 1618.840, 8166.718
NVIDIA A40, 84, uint32_t, 53938176, 100, 668.921, 6.689, 6.582, 7.055, 1642.721, 8194.462
NVIDIA A40, 84, uint32_t, 54003712, 100, 676.183, 6.762, 6.610, 8.633, 1634.770, 8170.101
NVIDIA A40, 84, uint32_t, 54069248, 100, 665.234, 6.652, 6.587, 6.817, 1671.529, 8207.990
NVIDIA A40, 84, uint32_t, 54134784, 100, 673.054, 6.731, 6.591, 7.664, 1661.845, 8212.832
NVIDIA A40, 84, uint32_t, 54200320, 100, 666.332, 6.663, 6.606, 6.860, 1688.444, 8204.929
NVIDIA A40, 84, uint32_t, 54265856, 100, 680.800, 6.808, 6.669, 7.154, 1662.189, 8136.650
NVIDIA A40, 84, uint32_t, 54331392, 100, 669.114, 6.691, 6.633, 6.845, 1701.012, 8190.491
NVIDIA A40, 84, uint32_t, 54396928, 100, 667.989, 6.680, 6.626, 6.813, 1713.689, 8209.241
NVIDIA A40, 84, uint32_t, 54462464, 100, 739.592, 7.396, 6.628, 27.940, 1556.641, 8216.592
NVIDIA A40, 84, uint32_t, 54528000, 100, 670.790, 6.708, 6.628, 7.002, 1726.074, 8226.479
NVIDIA A40, 84, uint32_t, 54593536, 100, 674.883, 6.749, 6.632, 10.292, 1725.317, 8231.280
NVIDIA A40, 84, uint32_t, 54659072, 100, 668.846, 6.688, 6.651, 6.733, 1750.687, 8218.322
NVIDIA A40, 84, uint32_t, 54724608, 100, 671.265, 6.713, 6.663, 6.873, 1754.142, 8213.001
NVIDIA A40, 84, uint32_t, 54790144, 100, 686.658, 6.867, 6.666, 10.486, 1724.363, 8219.047
NVIDIA A40, 84, uint32_t, 54855680, 100, 683.251, 6.833, 6.692, 7.291, 1742.553, 8197.398
NVIDIA A40, 84, uint32_t, 54921216, 100, 756.957, 7.570, 6.667, 22.329, 1581.535, 8237.444
NVIDIA A40, 84, uint32_t, 54986752, 100, 672.929, 6.729, 6.683, 6.870, 1788.760, 8228.318
NVIDIA A40, 84, uint32_t, 55052288, 100, 671.087, 6.711, 6.665, 6.875, 1803.436, 8259.641
NVIDIA A40, 84, uint32_t, 55117824, 100, 717.754, 7.178, 6.751, 17.999, 1695.308, 8164.113
NVIDIA A40, 84, uint32_t, 55183360, 100, 676.257, 6.763, 6.680, 7.103, 1809.029, 8261.536
NVIDIA A40, 84, uint32_t, 55248896, 100, 678.404, 6.784, 6.706, 7.114, 1812.964, 8238.510
NVIDIA A40, 84, uint32_t, 55314432, 100, 673.155, 6.732, 6.672, 6.893, 1836.837, 8290.056
NVIDIA A40, 84, uint32_t, 55379968, 100, 675.369, 6.754, 6.699, 6.909, 1840.519, 8266.891
NVIDIA A40, 84, uint32_t, 55445504, 100, 684.631, 6.846, 6.689, 7.207, 1825.192, 8289.424
NVIDIA A40, 84, uint32_t, 55511040, 100, 674.734, 6.747, 6.685, 7.160, 1861.677, 8304.188
NVIDIA A40, 84, uint32_t, 55576576, 100, 679.208, 6.792, 6.715, 7.170, 1859.063, 8275.999
NVIDIA A40, 84, uint32_t, 55642112, 100, 680.664, 6.807, 6.735, 6.964, 1864.714, 8261.821
NVIDIA A40, 84, uint32_t, 55707648, 100, 754.981, 7.550, 6.737, 23.545, 1689.841, 8269.038
NVIDIA A40, 84, uint32_t, 55773184, 100, 694.518, 6.945, 6.761, 13.312, 1846.391, 8248.675
NVIDIA A40, 84, uint32_t, 55838720, 100, 684.663, 6.847, 6.771, 7.077, 1882.539, 8247.126
NVIDIA A40, 84, uint32_t, 55904256, 100, 681.159, 6.812, 6.756, 6.958, 1901.845, 8274.326
NVIDIA A40, 84, uint32_t, 55969792, 100, 696.617, 6.966, 6.835, 7.081, 1869.049, 8188.465
NVIDIA A40, 84, uint32_t, 56035328, 100, 684.848, 6.848, 6.782, 7.075, 1910.737, 8262.419
NVIDIA A40, 84, uint32_t, 56100864, 100, 689.339, 6.893, 6.782, 7.272, 1907.796, 8272.082
NVIDIA A40, 84, uint32_t, 56166400, 100, 685.339, 6.853, 6.782, 7.182, 1928.496, 8281.746
NVIDIA A40, 84, uint32_t, 56231936, 100, 686.523, 6.865, 6.776, 7.162, 1934.714, 8298.927
NVIDIA A40, 84, uint32_t, 56297472, 100, 707.737, 7.077, 6.628, 20.786, 1885.984, 8493.434
NVIDIA A40, 84, uint32_t, 56363008, 100, 697.500, 6.975, 6.790, 14.085, 1923.060, 8300.709
NVIDIA A40, 84, uint32_t, 56428544, 100, 687.611, 6.876, 6.787, 9.042, 1960.247, 8314.083
NVIDIA A40, 84, uint32_t, 56494080, 100, 689.062, 6.891, 6.778, 7.207, 1965.629, 8335.096
NVIDIA A40, 84, uint32_t, 56559616, 100, 700.610, 7.006, 6.807, 9.513, 1942.586, 8309.613
NVIDIA A40, 84, uint32_t, 56625152, 100, 727.980, 7.280, 7.181, 11.853, 1878.551, 7885.070
NVIDIA A40, 84, uint32_t, 56690688, 100, 699.508, 6.995, 6.778, 10.667, 1964.383, 8364.103
NVIDIA A40, 84, uint32_t, 56756224, 100, 686.611, 6.866, 6.790, 8.749, 2010.825, 8358.619
NVIDIA A40, 84, uint32_t, 56821760, 100, 693.657, 6.937, 6.839, 9.452, 1999.848, 8308.130
NVIDIA A40, 84, uint32_t, 56887296, 100, 691.484, 6.915, 6.841, 7.134, 2015.612, 8315.222
NVIDIA A40, 84, uint32_t, 56952832, 100, 698.333, 6.983, 6.862, 13.271, 2005.226, 8299.955
NVIDIA A40, 84, uint32_t, 57018368, 100, 698.657, 6.987, 6.881, 10.417, 2013.677, 8286.012
NVIDIA A40, 84, uint32_t, 57083904, 100, 695.230, 6.952, 6.868, 7.289, 2033.028, 8311.653
NVIDIA A40, 84, uint32_t, 57149440, 100, 696.305, 6.963, 6.869, 8.728, 2039.304, 8319.917
NVIDIA A40, 84, uint32_t, 57214976, 100, 709.913, 7.099, 6.955, 8.962, 2009.444, 8226.443
NVIDIA A40, 84, uint32_t, 57280512, 100, 708.370, 7.084, 6.771, 10.990, 2023.072, 8460.073
NVIDIA A40, 84, uint32_t, 57346048, 100, 702.336, 7.023, 6.868, 12.852, 2049.784, 8349.784
NVIDIA A40, 84, uint32_t, 57411584, 100, 699.221, 6.992, 6.906, 7.395, 2068.289, 8313.464
NVIDIA A40, 84, uint32_t, 57477120, 100, 694.935, 6.949, 6.879, 7.267, 2090.475, 8355.165
NVIDIA A40, 84, uint32_t, 57542656, 100, 695.238, 6.952, 6.877, 7.432, 2098.992, 8367.183
NVIDIA A40, 84, uint32_t, 57608192, 100, 696.443, 6.964, 6.860, 7.664, 2104.770, 8397.970
NVIDIA A40, 84, uint32_t, 57673728, 100, 695.823, 6.958, 6.883, 7.254, 2116.065, 8378.756
NVIDIA A40, 84, uint32_t, 57739264, 100, 700.591, 7.006, 6.903, 7.927, 2111.016, 8364.634
NVIDIA A40, 84, uint32_t, 57804800, 100, 701.498, 7.015, 6.893, 10.339, 2117.630, 8386.570
NVIDIA A40, 84, uint32_t, 57870336, 100, 703.616, 7.036, 6.906, 10.326, 2120.570, 8379.893
NVIDIA A40, 84, uint32_t, 57935872, 100, 702.983, 7.030, 6.907, 9.998, 2131.801, 8388.139
NVIDIA A40, 84, uint32_t, 58001408, 100, 698.643, 6.986, 6.905, 10.256, 2154.425, 8400.119
NVIDIA A40, 84, uint32_t, 58066944, 100, 702.671, 7.027, 6.914, 7.395, 2151.401, 8398.400
NVIDIA A40, 84, uint32_t, 58132480, 100, 704.193, 7.042, 6.919, 10.861, 2156.058, 8401.658
NVIDIA A40, 84, uint32_t, 58198016, 100, 705.808, 7.058, 6.927, 11.381, 2160.409, 8401.182
NVIDIA A40, 84, uint32_t, 58263552, 100, 701.292, 7.013, 6.930, 7.457, 2183.668, 8406.915
NVIDIA A40, 84, uint32_t, 58329088, 100, 705.073, 7.051, 6.938, 11.378, 2181.251, 8407.675
NVIDIA A40, 84, uint32_t, 58394624, 100, 708.415, 7.084, 6.956, 9.248, 2180.214, 8394.818
NVIDIA A40, 84, uint32_t, 58460160, 100, 710.285, 7.103, 6.948, 11.505, 2183.698, 8414.149
NVIDIA A40, 84, uint32_t, 58525696, 100, 702.408, 7.024, 6.933, 8.985, 2217.517, 8442.128
NVIDIA A40, 84, uint32_t, 58591232, 100, 706.768, 7.068, 6.965, 10.885, 2213.110, 8411.938
NVIDIA A40, 84, uint32_t, 58656768, 100, 703.546, 7.035, 6.957, 7.382, 2232.561, 8431.263
NVIDIA A40, 84, uint32_t, 58722304, 100, 633.633, 6.336, 6.203, 8.516, 2489.239, 9466.160
NVIDIA A40, 84, uint32_t, 58787840, 100, 630.026, 6.300, 6.053, 7.664, 2513.890, 9712.400
NVIDIA A40, 84, uint32_t, 58853376, 100, 633.504, 6.335, 6.249, 6.661, 2510.434, 9417.336
NVIDIA A40, 84, uint32_t, 58918912, 100, 626.825, 6.268, 6.203, 6.629, 2547.638, 9497.854
NVIDIA A40, 84, uint32_t, 58984448, 100, 638.489, 6.385, 6.263, 8.284, 2511.364, 9418.247
NVIDIA A40, 84, uint32_t, 59049984, 100, 650.259, 6.503, 6.296, 10.225, 2475.986, 9379.636
NVIDIA A40, 84, uint32_t, 59115520, 100, 711.020, 7.110, 6.267, 29.386, 2273.615, 9433.006
NVIDIA A40, 84, uint32_t, 59181056, 100, 632.071, 6.321, 6.264, 6.578, 2567.968, 9448.096
NVIDIA A40, 84, uint32_t, 59246592, 100, 629.731, 6.297, 6.266, 6.462, 2587.917, 9455.467
NVIDIA A40, 84, uint32_t, 59312128, 100, 640.247, 6.402, 6.272, 13.401, 2555.648, 9456.653
NVIDIA A40, 84, uint32_t, 59377664, 100, 630.543, 6.305, 6.264, 6.535, 2605.371, 9479.484
NVIDIA A40, 84, uint32_t, 59443200, 100, 632.428, 6.324, 6.270, 6.512, 2607.967, 9480.647
NVIDIA A40, 84, uint32_t, 59508736, 100, 650.489, 6.505, 6.308, 14.471, 2545.633, 9434.091
NVIDIA A40, 84, uint32_t, 59574272, 100, 637.434, 6.374, 6.312, 6.703, 2608.050, 9438.352
NVIDIA A40, 84, uint32_t, 59639808, 100, 644.201, 6.442, 6.320, 10.011, 2590.829, 9436.487
NVIDIA A40, 84, uint32_t, 59705344, 100, 651.899, 6.519, 6.312, 13.738, 2570.285, 9459.118
NVIDIA A40, 84, uint32_t, 59770880, 100, 638.933, 6.389, 6.328, 6.520, 2632.703, 9444.984
NVIDIA A40, 84, uint32_t, 59836416, 100, 638.933, 6.389, 6.315, 6.572, 2642.960, 9475.271
NVIDIA A40, 84, uint32_t, 59901952, 100, 654.785, 6.548, 6.316, 13.730, 2588.985, 9484.112
NVIDIA A40, 84, uint32_t, 59967488, 100, 641.645, 6.416, 6.374, 6.545, 2652.218, 9407.550
NVIDIA A40, 84, uint32_t, 60033024, 100, 644.121, 6.441, 6.370, 6.672, 2652.197, 9423.792
NVIDIA A40, 84, uint32_t, 60098560, 100, 667.256, 6.673, 6.424, 14.313, 2570.061, 9355.970
NVIDIA A40, 84, uint32_t, 60164096, 100, 646.675, 6.467, 6.359, 6.824, 2661.988, 9461.192
NVIDIA A40, 84, uint32_t, 60229632, 100, 650.244, 6.502, 6.373, 10.391, 2657.457, 9450.193
NVIDIA A40, 84, uint32_t, 60295168, 100, 649.762, 6.498, 6.369, 13.986, 2669.515, 9466.560
NVIDIA A40, 84, uint32_t, 60360704, 100, 643.247, 6.432, 6.376, 6.658, 2706.740, 9466.195
NVIDIA A40, 84, uint32_t, 60426240, 100, 641.070, 6.411, 6.358, 6.578, 2726.154, 9503.946
NVIDIA A40, 84, uint32_t, 60491776, 100, 662.879, 6.629, 6.428, 10.052, 2646.350, 9411.184
NVIDIA A40, 84, uint32_t, 60557312, 100, 648.130, 6.481, 6.428, 6.770, 2716.682, 9421.380
NVIDIA A40, 84, uint32_t, 60622848, 100, 646.584, 6.466, 6.422, 6.607, 2733.313, 9440.600
NVIDIA A40, 84, uint32_t, 60688384, 100, 644.096, 6.441, 6.417, 6.504, 2754.048, 9456.837
NVIDIA A40, 84, uint32_t, 60753920, 100, 647.513, 6.475, 6.420, 6.743, 2749.636, 9462.520
NVIDIA A40, 84, uint32_t, 60819456, 100, 659.826, 6.598, 6.425, 15.910, 2708.258, 9466.688
NVIDIA A40, 84, uint32_t, 60884992, 100, 651.097, 6.511, 6.430, 7.518, 2754.630, 9469.342
NVIDIA A40, 84, uint32_t, 60950528, 100, 646.981, 6.470, 6.425, 6.587, 2782.287, 9487.090
NVIDIA A40, 84, uint32_t, 61016064, 100, 655.063, 6.551, 6.484, 6.862, 2757.962, 9410.297
NVIDIA A40, 84, uint32_t, 61081600, 100, 662.740, 6.627, 6.467, 11.926, 2735.903, 9445.764
NVIDIA A40, 84, uint32_t, 61147136, 100, 662.129, 6.621, 6.515, 6.908, 2748.328, 9386.042
NVIDIA A40, 84, uint32_t, 61212672, 100, 652.303, 6.523, 6.484, 6.654, 2799.771, 9440.619
NVIDIA A40, 84, uint32_t, 61278208, 100, 665.951, 6.660, 6.477, 13.723, 2752.235, 9461.186
NVIDIA A40, 84, uint32_t, 61343744, 100, 653.876, 6.539, 6.474, 6.851, 2813.083, 9475.799
NVIDIA A40, 84, uint32_t, 61409280, 100, 656.629, 6.566, 6.473, 6.788, 2811.270, 9487.423
NVIDIA A40, 84, uint32_t, 61474816, 100, 698.829, 6.988, 6.483, 20.492, 2650.884, 9482.546
NVIDIA A40, 84, uint32_t, 61540352, 100, 661.715, 6.617, 6.524, 6.785, 2809.468, 9433.056
NVIDIA A40, 84, uint32_t, 61605888, 100, 658.736, 6.587, 6.537, 6.863, 2832.123, 9423.872
NVIDIA A40, 84, uint32_t, 61671424, 100, 675.832, 6.758, 6.548, 14.344, 2770.179, 9417.670
NVIDIA A40, 84, uint32_t, 61736960, 100, 664.853, 6.649, 6.558, 6.889, 2825.779, 9414.429
NVIDIA A40, 84, uint32_t, 61802496, 100, 728.473, 7.285, 6.525, 49.085, 2587.991, 9471.751
NVIDIA A40, 84, uint32_t, 61868032, 100, 658.210, 6.582, 6.536, 6.706, 2874.214, 9465.455
NVIDIA A40, 84, uint32_t, 61933568, 100, 656.379, 6.564, 6.505, 7.597, 2892.216, 9520.226
NVIDIA A40, 84, uint32_t, 61999104, 100, 660.048, 6.600, 6.556, 6.844, 2886.068, 9457.357
NVIDIA A40, 84, uint32_t, 62064640, 100, 704.519, 7.045, 6.501, 20.702, 2713.193, 9546.385
NVIDIA A40, 84, uint32_t, 62130176, 100, 666.658, 6.667, 6.568, 8.214, 2877.113, 9459.620
NVIDIA A40, 84, uint32_t, 62195712, 100, 660.898, 6.609, 6.530, 6.733, 2912.105, 9524.541
NVIDIA A40, 84, uint32_t, 62261248, 100, 666.885, 6.669, 6.517, 12.360, 2895.787, 9554.054
NVIDIA A40, 84, uint32_t, 62326784, 100, 662.832, 6.628, 6.515, 10.064, 2923.380, 9566.930
NVIDIA A40, 84, uint32_t, 62392320, 100, 660.731, 6.607, 6.535, 6.861, 2942.596, 9547.164
NVIDIA A40, 84, uint32_t, 62457856, 100, 661.510, 6.615, 6.565, 7.572, 2949.038, 9513.960
NVIDIA A40, 84, uint32_t, 62523392, 100, 667.825, 6.678, 6.513, 6.970, 2930.964, 9600.314
NVIDIA A40, 84, uint32_t, 62588928, 100, 659.292, 6.593, 6.173, 8.847, 2978.840, 10139.576
NVIDIA A40, 84, uint32_t, 62654464, 100, 661.937, 6.619, 6.502, 6.830, 2976.838, 9635.591
NVIDIA A40, 84, uint32_t, 62720000, 100, 639.961, 6.400, 6.244, 6.595, 3089.300, 10044.277
NVIDIA A40, 84, uint32_t, 62785536, 100, 724.878, 7.249, 6.476, 22.061, 2736.443, 9695.446
NVIDIA A40, 84, uint32_t, 62851072, 100, 645.135, 6.451, 6.187, 6.757, 3084.843, 10158.399
NVIDIA A40, 84, uint32_t, 62916608, 100, 716.789, 7.168, 6.947, 7.638, 2785.609, 9056.899
NVIDIA A40, 84, uint32_t, 62982144, 100, 656.006, 6.560, 5.930, 6.964, 3053.701, 10620.963
NVIDIA A40, 84, uint32_t, 63047680, 100, 655.999, 6.560, 6.478, 6.750, 3063.725, 9732.800
NVIDIA A40, 84, uint32_t, 63113216, 100, 651.278, 6.513, 6.480, 6.543, 3095.995, 9739.886
NVIDIA A40, 84, uint32_t, 63178752, 100, 661.260, 6.613, 6.170, 7.740, 3059.169, 10240.332
NVIDIA A40, 84, uint32_t, 63244288, 100, 630.281, 6.303, 5.897, 6.598, 3219.930, 10724.432
NVIDIA A40, 84, uint32_t, 63309824, 100, 672.321, 6.723, 6.531, 7.084, 3028.337, 9693.634
NVIDIA A40, 84, uint32_t, 63375360, 100, 675.918, 6.759, 6.486, 15.688, 3021.919, 9771.077
NVIDIA A40, 84, uint32_t, 63440896, 100, 630.493, 6.305, 6.105, 6.613, 3250.032, 10391.479
NVIDIA A40, 84, uint32_t, 63506432, 100, 654.516, 6.545, 6.406, 6.806, 3140.760, 9913.363
NVIDIA A40, 84, uint32_t, 63571968, 100, 675.380, 6.754, 6.298, 14.377, 3053.435, 10094.634
NVIDIA A40, 84, uint32_t, 63637504, 100, 630.377, 6.304, 6.157, 6.449, 3281.817, 10335.274
NVIDIA A40, 84, uint32_t, 63703040, 100, 661.031, 6.610, 6.200, 6.941, 3139.544, 10274.154
NVIDIA A40, 84, uint32_t, 63768576, 100, 761.238, 7.612, 6.081, 41.567, 2734.875, 10485.714
NVIDIA A40, 84, uint32_t, 63834112, 100, 632.413, 6.324, 5.974, 7.278, 3302.340, 10685.293
NVIDIA A40, 84, uint32_t, 63899648, 100, 631.366, 6.314, 6.186, 7.356, 3318.199, 10329.747
NVIDIA A40, 84, uint32_t, 63965184, 100, 633.857, 6.339, 6.148, 7.597, 3315.497, 10404.064
NVIDIA A40, 84, uint32_t, 64030720, 100, 690.503, 6.905, 6.523, 11.533, 3053.000, 9816.326
NVIDIA A40, 84, uint32_t, 64096256, 100, 667.575, 6.676, 5.938, 8.201, 3167.669, 10793.930
NVIDIA A40, 84, uint32_t, 64161792, 100, 689.531, 6.895, 6.812, 7.592, 3076.311, 9419.423
NVIDIA A40, 84, uint32_t, 64227328, 100, 640.785, 6.408, 6.078, 7.579, 3320.559, 10566.375
NVIDIA A40, 84, uint32_t, 64292864, 100, 665.051, 6.651, 6.182, 7.450, 3209.254, 10400.199
NVIDIA A40, 84, uint32_t, 64358400, 100, 686.833, 6.868, 6.810, 7.114, 3117.022, 9451.128
NVIDIA A40, 84, uint32_t, 64423936, 100, 635.548, 6.355, 5.918, 7.435, 3378.860, 10886.659
NVIDIA A40, 84, uint32_t, 64489472, 100, 704.129, 7.041, 6.068, 27.770, 3059.070, 10627.405
NVIDIA A40, 84, uint32_t, 64555008, 100, 638.812, 6.388, 6.051, 7.528, 3382.111, 10668.810
NVIDIA A40, 84, uint32_t, 64620544, 100, 631.611, 6.316, 5.980, 7.679, 3431.045, 10805.821
NVIDIA A40, 84, uint32_t, 64686080, 100, 631.352, 6.314, 6.065, 7.316, 3442.833, 10665.203
NVIDIA A40, 84, uint32_t, 64751616, 100, 632.591, 6.326, 5.982, 7.414, 3446.449, 10823.975
NVIDIA A40, 84, uint32_t, 64817152, 100, 630.307, 6.303, 6.101, 6.481, 3469.338, 10624.035
NVIDIA A40, 84, uint32_t, 64882688, 100, 639.534, 6.395, 6.094, 9.652, 3429.530, 10647.286
NVIDIA A40, 84, uint32_t, 64948224, 100, 630.307, 6.303, 6.081, 6.486, 3490.134, 10679.688
NVIDIA A40, 84, uint32_t, 65013760, 100, 630.318, 6.303, 6.034, 6.514, 3500.469, 10773.800
NVIDIA A40, 84, uint32_t, 65079296, 100, 645.961, 6.460, 6.130, 11.542, 3425.848, 10617.328
NVIDIA A40, 84, uint32_t, 65144832, 100, 630.453, 6.305, 6.070, 6.487, 3520.507, 10731.781
NVIDIA A40, 84, uint32_t, 65210368, 100, 632.533, 6.325, 6.127, 7.377, 3519.293, 10643.824
NVIDIA A40, 84, uint32_t, 65275904, 100, 656.807, 6.568, 6.081, 15.636, 3399.208, 10735.264
NVIDIA A40, 84, uint32_t, 65341440, 100, 642.889, 6.429, 5.969, 10.373, 3482.993, 10946.989
NVIDIA A40, 84, uint32_t, 65406976, 100, 637.645, 6.376, 6.082, 7.420, 3521.914, 10755.010
NVIDIA A40, 84, uint32_t, 65472512, 100, 734.239, 7.342, 6.138, 28.393, 3067.509, 10667.000
NVIDIA A40, 84, uint32_t, 65538048, 100, 646.187, 6.462, 6.151, 10.473, 3495.639, 10654.570
NVIDIA A40, 84, uint32_t, 65603584, 100, 701.838, 7.018, 6.961, 7.383, 3227.796, 9424.242
NVIDIA A40, 84, uint32_t, 65669120, 100, 671.298, 6.713, 6.041, 8.069, 3384.404, 10871.334
NVIDIA A40, 84, uint32_t, 65734656, 100, 699.496, 6.995, 6.539, 7.371, 3257.341, 10052.302
NVIDIA A40, 84, uint32_t, 65800192, 100, 686.572, 6.866, 6.196, 7.838, 3328.206, 10619.401
NVIDIA A40, 84, uint32_t, 65865728, 100, 679.773, 6.798, 6.227, 7.448, 3371.133, 10577.537
NVIDIA A40, 84, uint32_t, 65931264, 100, 685.325, 6.853, 6.219, 7.424, 3353.385, 10602.009
NVIDIA A40, 84, uint32_t, 65996800, 100, 662.856, 6.629, 6.066, 9.153, 3476.943, 10879.473
NVIDIA A40, 84, uint32_t, 66062336, 100, 706.168, 7.062, 7.009, 7.302, 3272.971, 9424.981
NVIDIA A40, 84, uint32_t, 66127872, 100, 691.375, 6.914, 6.247, 7.552, 3352.479, 10584.876
NVIDIA A40, 84, uint32_t, 66193408, 100, 719.804, 7.198, 6.256, 16.816, 3229.178, 10581.437
NVIDIA A40, 84, uint32_t, 66258944, 100, 703.309, 7.033, 6.517, 7.613, 3314.230, 10167.505
NVIDIA A40, 84, uint32_t, 66324480, 100, 705.239, 7.052, 7.004, 7.206, 3314.451, 9469.298
NVIDIA A40, 84, uint32_t, 66390016, 100, 705.674, 7.057, 6.530, 7.413, 3321.696, 10166.850
NVIDIA A40, 84, uint32_t, 66455552, 100, 711.285, 7.113, 7.004, 7.631, 3304.707, 9488.012
NVIDIA A40, 84, uint32_t, 66521088, 100, 705.497, 7.055, 7.009, 7.214, 3341.109, 9490.431
NVIDIA A40, 84, uint32_t, 66586624, 100, 711.882, 7.119, 7.063, 7.381, 3320.347, 9426.961
NVIDIA A40, 84, uint32_t, 66652160, 100, 722.842, 7.228, 7.060, 7.614, 3279.070, 9440.174
NVIDIA A40, 84, uint32_t, 66717696, 100, 716.602, 7.166, 7.063, 9.242, 3316.766, 9446.716
NVIDIA A40, 84, uint32_t, 66783232, 100, 711.234, 7.112, 7.064, 7.256, 3351.017, 9454.625
NVIDIA A40, 84, uint32_t, 66848768, 100, 719.177, 7.192, 7.054, 7.568, 3323.119, 9476.266
NVIDIA A40, 84, uint32_t, 66914304, 100, 711.139, 7.111, 7.056, 7.816, 3369.893, 9482.804
NVIDIA A40, 84, uint32_t, 66979840, 100, 717.103, 7.171, 7.060, 10.746, 3351.005, 9486.584
NVIDIA A40, 84, uint32_t, 67045376, 100, 710.887, 7.109, 7.057, 7.299, 3389.529, 9500.000
